,date,vwretd
0,2010-01-04,0.01712741
1,2010-01-05,0.0033741910000000003
2,2010-01-06,0.002046257
3,2010-01-07,0.00286067
4,2010-01-08,0.004173850000000001
5,2010-01-11,0.001141429
6,2010-01-12,-0.010998860000000001
7,2010-01-13,0.008639272
8,2010-01-14,0.0023068470000000003
9,2010-01-15,-0.01132842
10,2010-01-19,0.0120603
11,2010-01-20,-0.01107891
12,2010-01-21,-0.017778330000000002
13,2010-01-22,-0.02100698
14,2010-01-25,0.0039026200000000003
15,2010-01-26,-0.004923824
16,2010-01-27,0.004187573
17,2010-01-28,-0.01133615
18,2010-01-29,-0.01030467
19,2010-02-01,0.01511578
20,2010-02-02,0.01223203
21,2010-02-03,-0.0049836080000000005
22,2010-02-04,-0.03199236
23,2010-02-05,0.002652813
24,2010-02-08,-0.008237972
25,2010-02-09,0.01388534
26,2010-02-10,-0.001475743
27,2010-02-11,0.01208981
28,2010-02-12,-0.0006526294
29,2010-02-16,0.01798419
30,2010-02-17,0.004661224
31,2010-02-18,0.006194277000000001
32,2010-02-19,0.002460014
33,2010-02-22,-0.001114135
34,2010-02-23,-0.01309003
35,2010-02-24,0.008536382
36,2010-02-25,-0.0007093392
37,2010-02-26,0.001843248
38,2010-03-01,0.01199047
39,2010-03-02,0.0044243730000000005
40,2010-03-03,0.0016051280000000002
41,2010-03-04,0.00310053
42,2010-03-05,0.01451181
43,2010-03-08,0.0007143679
44,2010-03-09,0.0016530280000000002
45,2010-03-10,0.005049642
46,2010-03-11,0.0039688430000000005
47,2010-03-12,0.0007595132
48,2010-03-15,-0.000685051
49,2010-03-16,0.008747105
50,2010-03-17,0.00561443
51,2010-03-18,-0.0020341210000000003
52,2010-03-19,-0.0069130500000000004
53,2010-03-22,0.005864036
54,2010-03-23,0.007667287
55,2010-03-24,-0.006621898
56,2010-03-25,-0.002436412
57,2010-03-26,0.0006777967000000001
58,2010-03-29,0.006799407
59,2010-03-30,0.0004577197
60,2010-03-31,-0.0027673140000000003
61,2010-04-01,0.008643225000000001
62,2010-04-05,0.009551921000000001
63,2010-04-06,0.002120994
64,2010-04-07,-0.0053700580000000005
65,2010-04-08,0.002831496
66,2010-04-09,0.006705936
67,2010-04-12,0.001771722
68,2010-04-13,0.0007395909
69,2010-04-14,0.012335490000000001
70,2010-04-15,8.812428999999999e-05
71,2010-04-16,-0.0161268
72,2010-04-19,0.0022620970000000002
73,2010-04-20,0.009815334
74,2010-04-21,-0.0005400872
75,2010-04-22,0.0035784650000000003
76,2010-04-23,0.0074466820000000005
77,2010-04-26,-0.003232986
78,2010-04-27,-0.02385636
79,2010-04-28,0.005242084
80,2010-04-29,0.01364727
81,2010-04-30,-0.01684525
82,2010-05-03,0.01286318
83,2010-05-04,-0.025379080000000002
84,2010-05-05,-0.009212175000000001
85,2010-05-06,-0.03255317
86,2010-05-07,-0.0158633
87,2010-05-10,0.04493521
88,2010-05-11,-0.0009493208000000001
89,2010-05-12,0.01627542
90,2010-05-13,-0.01084136
91,2010-05-14,-0.01941987
92,2010-05-17,-0.0005792073
93,2010-05-18,-0.01364972
94,2010-05-19,-0.007144153
95,2010-05-20,-0.04039014
96,2010-05-21,0.01530279
97,2010-05-24,-0.012046910000000001
98,2010-05-25,-0.0001589705
99,2010-05-26,-0.002863861
100,2010-05-27,0.03510582
101,2010-05-28,-0.01176441
102,2010-06-01,-0.018514990000000002
103,2010-06-02,0.02657628
104,2010-06-03,0.004784686000000001
105,2010-06-04,-0.035875290000000004
106,2010-06-07,-0.014035490000000001
107,2010-06-08,0.009238243
108,2010-06-09,-0.0038261400000000004
109,2010-06-10,0.029529
110,2010-06-11,0.006195748
111,2010-06-14,1.292307e-05
112,2010-06-15,0.02386083
113,2010-06-16,-0.001220285
114,2010-06-17,0.0008949329000000001
115,2010-06-18,0.0017102710000000002
116,2010-06-21,-0.0043106690000000005
117,2010-06-22,-0.01616254
118,2010-06-23,-0.0029185590000000003
119,2010-06-24,-0.01627733
120,2010-06-25,0.006061988000000001
121,2010-06-28,-0.0031308950000000003
122,2010-06-29,-0.03289793
123,2010-06-30,-0.008951663
124,2010-07-01,-0.003931511
125,2010-07-02,-0.004750229
126,2010-07-06,0.0033160800000000003
127,2010-07-07,0.03090314
128,2010-07-08,0.009565243000000001
129,2010-07-09,0.008919717
130,2010-07-12,-0.0013508930000000001
131,2010-07-13,0.01721973
132,2010-07-14,-0.0006432591
133,2010-07-15,0.0004152816
134,2010-07-16,-0.02855496
135,2010-07-19,0.005001198
136,2010-07-20,0.0126437
137,2010-07-21,-0.01284121
138,2010-07-22,0.023584940000000002
139,2010-07-23,0.009635512
140,2010-07-26,0.01161884
141,2010-07-27,-0.0025412440000000002
142,2010-07-28,-0.007462599
143,2010-07-29,-0.002590432
144,2010-07-30,0.0015132580000000002
145,2010-08-02,0.020563230000000002
146,2010-08-03,-0.00516034
147,2010-08-04,0.007464173
148,2010-08-05,-0.002497638
149,2010-08-06,-0.003551873
150,2010-08-09,0.005858685000000001
151,2010-08-10,-0.00799582
152,2010-08-11,-0.02924146
153,2010-08-12,-0.004674908
154,2010-08-13,-0.003876894
155,2010-08-16,0.001454168
156,2010-08-17,0.01389192
157,2010-08-18,0.002331374
158,2010-08-19,-0.01671107
159,2010-08-20,-0.0033061640000000003
160,2010-08-23,-0.004863349
161,2010-08-24,-0.01445201
162,2010-08-25,0.004579036
163,2010-08-26,-0.006628079
164,2010-08-27,0.01844268
165,2010-08-30,-0.01422524
166,2010-08-31,0.000117886
167,2010-09-01,0.02912018
168,2010-09-02,0.009551453000000001
169,2010-09-03,0.0129865
170,2010-09-07,-0.01187015
171,2010-09-08,0.006333784
172,2010-09-09,0.0037664810000000003
173,2010-09-10,0.004478931
174,2010-09-13,0.01287304
175,2010-09-14,-0.00010874450000000001
176,2010-09-15,0.002953766
177,2010-09-16,-0.0007499161
178,2010-09-17,0.0011282660000000002
179,2010-09-20,0.01518499
180,2010-09-21,-0.003099235
181,2010-09-22,-0.00502584
182,2010-09-23,-0.008120364
183,2010-09-24,0.02121177
184,2010-09-27,-0.004462686
185,2010-09-28,0.005788542000000001
186,2010-09-29,-0.0010833280000000002
187,2010-09-30,-0.001975605
188,2010-10-01,0.004941254
189,2010-10-04,-0.008297138
190,2010-10-05,0.02057134
191,2010-10-06,-0.0003341353
192,2010-10-07,-0.002122109
193,2010-10-08,0.007624591000000001
194,2010-10-11,0.0005659356
195,2010-10-12,0.003649115
196,2010-10-13,0.008786943
197,2010-10-14,-0.0036661590000000004
198,2010-10-15,0.0007036944000000001
199,2010-10-18,0.006296997
200,2010-10-19,-0.017217200000000002
201,2010-10-20,0.011278690000000001
202,2010-10-21,0.0002652892
203,2010-10-22,0.002655315
204,2010-10-25,0.0037247540000000003
205,2010-10-26,-0.0004258995
206,2010-10-27,-0.003316863
207,2010-10-28,0.001139643
208,2010-10-29,0.0016622870000000001
209,2010-11-01,0.0001448081
210,2010-11-02,0.009056321
211,2010-11-03,0.003440116
212,2010-11-04,0.01991937
213,2010-11-05,0.004022615
214,2010-11-08,-0.0009103910000000001
215,2010-11-09,-0.008464046000000001
216,2010-11-10,0.005391385
217,2010-11-11,-0.003606452
218,2010-11-12,-0.01339446
219,2010-11-15,-0.0013290630000000001
220,2010-11-16,-0.01685756
221,2010-11-17,0.0016225450000000002
222,2010-11-18,0.01556417
223,2010-11-19,0.0037435430000000002
224,2010-11-22,-0.00027431170000000003
225,2010-11-23,-0.014126340000000001
226,2010-11-24,0.01568762
227,2010-11-26,-0.006880657
228,2010-11-29,-0.0009177548000000001
229,2010-11-30,-0.005790245
230,2010-12-01,0.020827810000000002
231,2010-12-02,0.01223316
232,2010-12-03,0.003963231
233,2010-12-06,2.349886e-05
234,2010-12-07,0.0001938215
235,2010-12-08,0.0015463450000000002
236,2010-12-09,0.003575251
237,2010-12-10,0.006425639
238,2010-12-13,0.0001811448
239,2010-12-14,0.0002733013
240,2010-12-15,-0.005256530000000001
241,2010-12-16,0.005847654000000001
242,2010-12-17,0.001568891
243,2010-12-20,0.00181886
244,2010-12-21,0.007207270000000001
245,2010-12-22,0.00313626
246,2010-12-23,-0.0011975990000000001
247,2010-12-27,0.0006670826
248,2010-12-28,0.0007886523
249,2010-12-29,0.00273067
250,2010-12-30,-0.0008029381
251,2010-12-31,-0.00023323510000000002
252,2011-01-03,0.01121642
253,2011-01-04,-0.0038961000000000004
254,2011-01-05,0.005385562
255,2011-01-06,-0.0025163530000000003
256,2011-01-07,-0.0019510390000000001
257,2011-01-10,-0.0007101977
258,2011-01-11,0.0050503760000000005
259,2011-01-12,0.009017861
260,2011-01-13,-0.0018906340000000002
261,2011-01-14,0.006633425
262,2011-01-18,0.002177133
263,2011-01-19,-0.01225447
264,2011-01-20,-0.0038375020000000004
265,2011-01-21,0.001261133
266,2011-01-24,0.0062910760000000005
267,2011-01-25,-0.0004292934
268,2011-01-26,0.007336121
269,2011-01-27,0.0021332680000000002
270,2011-01-28,-0.01720877
271,2011-01-31,0.007619903000000001
272,2011-02-01,0.01703188
273,2011-02-02,-0.0022298120000000003
274,2011-02-03,0.002926351
275,2011-02-04,0.0021775270000000003
276,2011-02-07,0.006124701000000001
277,2011-02-08,0.004552106
278,2011-02-09,-0.003445061
279,2011-02-10,0.001337553
280,2011-02-11,0.006111741
281,2011-02-14,0.0034016940000000002
282,2011-02-15,-0.003183439
283,2011-02-16,0.007535529000000001
284,2011-02-17,0.003947943000000001
285,2011-02-18,0.0012227070000000002
286,2011-02-22,-0.021068510000000002
287,2011-02-23,-0.006564728000000001
288,2011-02-24,-0.0001331211
289,2011-02-25,0.01294049
290,2011-02-28,0.005329946
291,2011-03-01,-0.01490433
292,2011-03-02,0.0028540640000000003
293,2011-03-03,0.01610307
294,2011-03-04,-0.005903836
295,2011-03-07,-0.009410630000000001
296,2011-03-08,0.008082862
297,2011-03-09,-0.0024356910000000002
298,2011-03-10,-0.01979623
299,2011-03-11,0.006953273
300,2011-03-14,-0.005491104
301,2011-03-15,-0.01115561
302,2011-03-16,-0.016650270000000002
303,2011-03-17,0.01221771
304,2011-03-18,0.004861978
305,2011-03-21,0.01644672
306,2011-03-22,-0.0032354980000000003
307,2011-03-23,0.0028769810000000002
308,2011-03-24,0.008547802
309,2011-03-25,0.003114823
310,2011-03-28,-0.003336074
311,2011-03-29,0.007162881
312,2011-03-30,0.008220636
313,2011-03-31,-0.0005925558
314,2011-04-01,0.0054342900000000005
315,2011-04-04,0.0011596380000000002
316,2011-04-05,0.0013268820000000001
317,2011-04-06,0.001737966
318,2011-04-07,-0.002252407
319,2011-04-08,-0.003390281
320,2011-04-11,-0.0047354680000000005
321,2011-04-12,-0.009257657
322,2011-04-13,0.0012974680000000002
323,2011-04-14,0.0005397632
324,2011-04-15,0.003973001
325,2011-04-18,-0.01162666
326,2011-04-19,0.005709887
327,2011-04-20,0.01427898
328,2011-04-21,0.005890491
329,2011-04-25,-0.0018570930000000002
330,2011-04-26,0.008146418
331,2011-04-27,0.006152584
332,2011-04-28,0.0029317870000000004
333,2011-04-29,0.003119522
334,2011-05-02,-0.0035572420000000004
335,2011-05-03,-0.0066493540000000005
336,2011-05-04,-0.007979457
337,2011-05-05,-0.009459661000000001
338,2011-05-06,0.004607981000000001
339,2011-05-09,0.006154174
340,2011-05-10,0.008466354
341,2011-05-11,-0.01223417
342,2011-05-12,0.00404205
343,2011-05-13,-0.008909711
344,2011-05-16,-0.006962017
345,2011-05-17,-0.0006474938
346,2011-05-18,0.01075432
347,2011-05-19,0.0023353140000000002
348,2011-05-20,-0.0067765640000000005
349,2011-05-23,-0.01302103
350,2011-05-24,-0.00040293560000000003
351,2011-05-25,0.005079872
352,2011-05-26,0.005338143
353,2011-05-27,0.005111318
354,2011-05-31,0.01029627
355,2011-06-01,-0.02309265
356,2011-06-02,-0.0006291805
357,2011-06-03,-0.009302907000000001
358,2011-06-06,-0.01246046
359,2011-06-07,0.00028629750000000004
360,2011-06-08,-0.005978277000000001
361,2011-06-09,0.007460080000000001
362,2011-06-10,-0.01408531
363,2011-06-13,-0.0009082071
364,2011-06-14,0.01387328
365,2011-06-15,-0.01731027
366,2011-06-16,-0.00011767280000000001
367,2011-06-17,0.002157659
368,2011-06-20,0.005346073000000001
369,2011-06-21,0.01590573
370,2011-06-22,-0.005484639
371,2011-06-23,-0.0025925170000000003
372,2011-06-24,-0.01057937
373,2011-06-27,0.008074694
374,2011-06-28,0.01370081
375,2011-06-29,0.008742929
376,2011-06-30,0.00970703
377,2011-07-01,0.01348064
378,2011-07-05,-2.5831479999999997e-05
379,2011-07-06,0.0011427960000000002
380,2011-07-07,0.01064027
381,2011-07-08,-0.006347491
382,2011-07-11,-0.019365590000000002
383,2011-07-12,-0.003813565
384,2011-07-13,0.0050076
385,2011-07-14,-0.008052391
386,2011-07-15,0.0061716060000000005
387,2011-07-18,-0.009493421
388,2011-07-19,0.01617292
389,2011-07-20,5.996374999999999e-05
390,2011-07-21,0.01226783
391,2011-07-22,0.001436533
392,2011-07-25,-0.006279958
393,2011-07-26,-0.00454275
394,2011-07-27,-0.021658320000000002
395,2011-07-28,-0.0029375020000000003
396,2011-07-29,-0.005611833
397,2011-08-01,-0.0036215
398,2011-08-02,-0.02568529
399,2011-08-03,0.004955737
400,2011-08-04,-0.05040387
401,2011-08-05,-0.004793299
402,2011-08-08,-0.06874699000000001
403,2011-08-09,0.0512687
404,2011-08-10,-0.038614050000000004
405,2011-08-11,0.04530223
406,2011-08-12,0.0047533110000000005
407,2011-08-15,0.02284726
408,2011-08-16,-0.01090494
409,2011-08-17,0.0008402198000000001
410,2011-08-18,-0.04536339
411,2011-08-19,-0.01536756
412,2011-08-22,4.1037889999999995e-05
413,2011-08-23,0.03378312
414,2011-08-24,0.01158271
415,2011-08-25,-0.01591104
416,2011-08-26,0.01643731
417,2011-08-29,0.02965142
418,2011-08-30,0.003762984
419,2011-08-31,0.005096199
420,2011-09-01,-0.01213953
421,2011-09-02,-0.02465896
422,2011-09-06,-0.008157412000000001
423,2011-09-07,0.02918107
424,2011-09-08,-0.01089524
425,2011-09-09,-0.02661131
426,2011-09-12,0.004137957
427,2011-09-13,0.01080995
428,2011-09-14,0.01280323
429,2011-09-15,0.01548887
430,2011-09-16,0.0035595400000000004
431,2011-09-19,-0.01095848
432,2011-09-20,-0.004118547
433,2011-09-21,-0.02946076
434,2011-09-22,-0.03444806
435,2011-09-23,0.005759697
436,2011-09-26,0.02161144
437,2011-09-27,0.01285698
438,2011-09-28,-0.0237144
439,2011-09-29,0.008240126
440,2011-09-30,-0.024656110000000002
441,2011-10-03,-0.03194488
442,2011-10-04,0.02368386
443,2011-10-05,0.01967628
444,2011-10-06,0.02057872
445,2011-10-07,-0.0109518
446,2011-10-10,0.03429779
447,2011-10-11,0.001058411
448,2011-10-12,0.0118268
449,2011-10-13,-0.002956297
450,2011-10-14,0.0177464
451,2011-10-17,-0.02087458
452,2011-10-18,0.02080427
453,2011-10-19,-0.01418081
454,2011-10-20,0.0039002100000000003
455,2011-10-21,0.01927552
456,2011-10-24,0.01680692
457,2011-10-25,-0.019851920000000002
458,2011-10-26,0.011527850000000001
459,2011-10-27,0.036276
460,2011-10-28,0.0002576529
461,2011-10-31,-0.02467074
462,2011-11-01,-0.02864785
463,2011-11-02,0.01709228
464,2011-11-03,0.01921459
465,2011-11-04,-0.005573954000000001
466,2011-11-07,0.004902247
467,2011-11-08,0.01122417
468,2011-11-09,-0.03788393
469,2011-11-10,0.007437469
470,2011-11-11,0.019774240000000002
471,2011-11-14,-0.009376206
472,2011-11-15,0.004533671
473,2011-11-16,-0.01510951
474,2011-11-17,-0.01722281
475,2011-11-18,-0.0002867293
476,2011-11-21,-0.01867626
477,2011-11-22,-0.003945838
478,2011-11-23,-0.02326152
479,2011-11-25,-0.003626049
480,2011-11-28,0.030550610000000002
481,2011-11-29,0.002263442
482,2011-11-30,0.04392814
483,2011-12-01,-0.002276909
484,2011-12-02,0.0001066699
485,2011-12-05,0.01030383
486,2011-12-06,0.0003831776
487,2011-12-07,0.001915851
488,2011-12-08,-0.02289037
489,2011-12-09,0.01775745
490,2011-12-12,-0.01556878
491,2011-12-13,-0.01126499
492,2011-12-14,-0.0127444
493,2011-12-15,0.0037469850000000004
494,2011-12-16,0.0049737850000000005
495,2011-12-19,-0.01268273
496,2011-12-20,0.03005663
497,2011-12-21,0.002028495
498,2011-12-22,0.008917282
499,2011-12-23,0.007868785
500,2011-12-27,1.662177e-05
501,2011-12-28,-0.01365826
502,2011-12-29,0.01078774
503,2011-12-30,-0.0025787920000000003
504,2012-01-03,0.01618426
505,2012-01-04,-0.0004544331
506,2012-01-05,0.0029345010000000004
507,2012-01-06,-0.0029039530000000003
508,2012-01-09,0.002817459
509,2012-01-10,0.01042448
510,2012-01-11,0.000945313
511,2012-01-12,0.003061032
512,2012-01-13,-0.00532462
513,2012-01-17,0.0039054000000000003
514,2012-01-18,0.01231266
515,2012-01-19,0.00559963
516,2012-01-20,0.0008842804
517,2012-01-23,0.0016110380000000002
518,2012-01-24,-0.0008006686
519,2012-01-25,0.009951650000000001
520,2012-01-26,-0.004907629
521,2012-01-27,0.0007009245000000001
522,2012-01-30,-0.0037413480000000002
523,2012-01-31,-8.314816e-05
524,2012-02-01,0.01121769
525,2012-02-02,0.001833292
526,2012-02-03,0.01469206
527,2012-02-06,-0.0009889031
528,2012-02-07,0.0013955220000000002
529,2012-02-08,0.002187746
530,2012-02-09,0.001001542
531,2012-02-10,-0.008394935000000001
532,2012-02-13,0.0074465370000000005
533,2012-02-14,-0.0015543750000000002
534,2012-02-15,-0.004224156000000001
535,2012-02-16,0.01248287
536,2012-02-17,0.001387591
537,2012-02-21,0.0001565233
538,2012-02-22,-0.0031327890000000004
539,2012-02-23,0.005705244
540,2012-02-24,0.001498126
541,2012-02-27,0.0008049796
542,2012-02-28,0.002910835
543,2012-02-29,-0.005687152
544,2012-03-01,0.006812060000000001
545,2012-03-02,-0.004925948
546,2012-03-05,-0.0045616860000000006
547,2012-03-06,-0.01739666
548,2012-03-07,0.007951630000000001
549,2012-03-08,0.01087433
550,2012-03-09,0.004504634
551,2012-03-12,-0.0013673790000000002
552,2012-03-13,0.01763412
553,2012-03-14,-0.0039107410000000006
554,2012-03-15,0.006519355
555,2012-03-16,0.0013289430000000002
556,2012-03-19,0.004007486
557,2012-03-20,-0.004509777
558,2012-03-21,-0.0011161320000000001
559,2012-03-22,-0.008122867
560,2012-03-23,0.004485898
561,2012-03-26,0.01397317
562,2012-03-27,-0.003666097
563,2012-03-28,-0.005522071
564,2012-03-29,-0.0019016740000000001
565,2012-03-30,0.0033584360000000002
566,2012-04-02,0.008054688
567,2012-04-03,-0.0044455860000000005
568,2012-04-04,-0.01182824
569,2012-04-05,-0.0008031547000000001
570,2012-04-09,-0.011388790000000001
571,2012-04-10,-0.01803726
572,2012-04-11,0.008525340000000001
573,2012-04-12,0.01509703
574,2012-04-13,-0.01240549
575,2012-04-16,-0.0005821728
576,2012-04-17,0.01496112
577,2012-04-18,-0.004043056000000001
578,2012-04-19,-0.0046645720000000005
579,2012-04-20,0.0016328640000000001
580,2012-04-23,-0.009549222000000001
581,2012-04-24,0.003249506
582,2012-04-25,0.013834260000000001
583,2012-04-26,0.006834134
584,2012-04-27,0.0038990500000000003
585,2012-04-30,-0.004317570000000001
586,2012-05-01,0.0048800860000000005
587,2012-05-02,-0.002052153
588,2012-05-03,-0.009955868000000001
589,2012-05-04,-0.015686330000000002
590,2012-05-07,0.000556029
591,2012-05-08,-0.0053594
592,2012-05-09,-0.00602192
593,2012-05-10,0.0028603300000000003
594,2012-05-11,-0.0027692380000000003
595,2012-05-14,-0.01218393
596,2012-05-15,-0.0060341890000000006
597,2012-05-16,-0.0049308780000000005
598,2012-05-17,-0.01586274
599,2012-05-18,-0.008151516000000001
600,2012-05-21,0.01777337
601,2012-05-22,-0.00047684940000000003
602,2012-05-23,0.002816607
603,2012-05-24,0.0009845574
604,2012-05-25,-0.001543337
605,2012-05-29,0.01123326
606,2012-05-30,-0.015517910000000001
607,2012-05-31,-0.001979694
608,2012-06-01,-0.02453526
609,2012-06-04,-0.0010134640000000002
610,2012-06-05,0.007872588
611,2012-06-06,0.022719450000000002
612,2012-06-07,-0.0013703250000000001
613,2012-06-08,0.007120653
614,2012-06-11,-0.01397867
615,2012-06-12,0.01165644
616,2012-06-13,-0.006961448
617,2012-06-14,0.009507577000000001
618,2012-06-15,0.01011712
619,2012-06-18,0.002191741
620,2012-06-19,0.011650250000000001
621,2012-06-20,-0.00147089
622,2012-06-21,-0.02349161
623,2012-06-22,0.007261043000000001
624,2012-06-25,-0.01546452
625,2012-06-26,0.004874472
626,2012-06-27,0.009042032
627,2012-06-28,-0.002111897
628,2012-06-29,0.02565544
629,2012-07-02,0.0038695060000000004
630,2012-07-03,0.008974042
631,2012-07-05,-0.004149908
632,2012-07-06,-0.009971933
633,2012-07-09,-0.0022053570000000002
634,2012-07-10,-0.008821683
635,2012-07-11,-0.0002888606
636,2012-07-12,-0.00488315
637,2012-07-13,0.0152729
638,2012-07-16,-0.002482569
639,2012-07-17,0.0067123190000000004
640,2012-07-18,0.006264289
641,2012-07-19,0.0028414910000000002
642,2012-07-20,-0.009926496
643,2012-07-23,-0.01017323
644,2012-07-24,-0.009434761
645,2012-07-25,0.0007142334
646,2012-07-26,0.01552631
647,2012-07-27,0.01896823
648,2012-07-30,-0.0007655471
649,2012-07-31,-0.004999168
650,2012-08-01,-0.004477277
651,2012-08-02,-0.007300872000000001
652,2012-08-03,0.01924793
653,2012-08-06,0.003535968
654,2012-08-07,0.006365064
655,2012-08-08,0.0001796183
656,2012-08-09,0.0016496890000000002
657,2012-08-10,0.001869463
658,2012-08-13,-0.0018852360000000002
659,2012-08-14,-1.721997e-05
660,2012-08-15,0.002745829
661,2012-08-16,0.007912775
662,2012-08-17,0.002655568
663,2012-08-20,-0.0006068863
664,2012-08-21,-0.002331919
665,2012-08-22,-0.00010475500000000001
666,2012-08-23,-0.0073261490000000005
667,2012-08-24,0.005497766
668,2012-08-27,-0.0005617978
669,2012-08-28,0.0002611689
670,2012-08-29,0.000994972
671,2012-08-30,-0.007804302000000001
672,2012-08-31,0.005893024
673,2012-09-04,0.0006885573
674,2012-09-05,-0.0005984051
675,2012-09-06,0.01947769
676,2012-09-07,0.005653345000000001
677,2012-09-10,-0.005687729000000001
678,2012-09-11,0.0034410240000000004
679,2012-09-12,0.0026553740000000003
680,2012-09-13,0.01528985
681,2012-09-14,0.006150055000000001
682,2012-09-17,-0.004547003
683,2012-09-18,-0.001778454
684,2012-09-19,0.001304973
685,2012-09-20,-0.001943835
686,2012-09-21,0.00044311810000000003
687,2012-09-24,-0.0030913430000000003
688,2012-09-25,-0.010823300000000001
689,2012-09-26,-0.005531956
690,2012-09-27,0.01005408
691,2012-09-28,-0.004494901
692,2012-10-01,0.002808594
693,2012-10-02,0.001181533
694,2012-10-03,0.0025097550000000002
695,2012-10-04,0.007681380000000001
696,2012-10-05,-0.0001489576
697,2012-10-08,-0.0035717250000000004
698,2012-10-09,-0.009768926
699,2012-10-10,-0.005559319
700,2012-10-11,0.001750302
701,2012-10-12,-0.0035054110000000004
702,2012-10-15,0.0072452950000000006
703,2012-10-16,0.009950048000000001
704,2012-10-17,0.005091888
705,2012-10-18,-0.0026772080000000004
706,2012-10-19,-0.015624850000000001
707,2012-10-22,0.0001938541
708,2012-10-23,-0.01293776
709,2012-10-24,-0.0026137250000000003
710,2012-10-25,0.0033049750000000004
711,2012-10-26,-0.001384115
712,2012-10-31,0.0024807920000000003
713,2012-11-01,0.01122193
714,2012-11-02,-0.009752741
715,2012-11-05,0.0022341120000000003
716,2012-11-06,0.007873681
717,2012-11-07,-0.02107693
718,2012-11-08,-0.01159001
719,2012-11-09,0.0009503349
720,2012-11-12,-0.00021690860000000002
721,2012-11-13,-0.004156091000000001
722,2012-11-14,-0.01471214
723,2012-11-15,-0.002927457
724,2012-11-16,0.0061911200000000005
725,2012-11-19,0.01919276
726,2012-11-20,0.0009849643
727,2012-11-21,0.0031330000000000004
728,2012-11-23,0.012731270000000001
729,2012-11-26,-0.0016425460000000002
730,2012-11-27,-0.004422809000000001
731,2012-11-28,0.0074798650000000005
732,2012-11-29,0.0054261050000000005
733,2012-11-30,0.0002749118
734,2012-12-03,-0.004218057
735,2012-12-04,-0.0012786920000000001
736,2012-12-05,0.0017583280000000002
737,2012-12-06,0.0028459960000000004
738,2012-12-07,0.0025275640000000004
739,2012-12-10,0.001534781
740,2012-12-11,0.006158592
741,2012-12-12,0.0002564846
742,2012-12-13,-0.00587454
743,2012-12-14,-0.003091832
744,2012-12-17,0.01018809
745,2012-12-18,0.0111304
746,2012-12-19,-0.004648129
747,2012-12-20,0.0048955660000000005
748,2012-12-21,-0.008494569
749,2012-12-24,-0.002208629
750,2012-12-26,-0.004966052
751,2012-12-27,-0.000686537
752,2012-12-28,-0.009280578000000001
753,2012-12-31,0.01643755
754,2013-01-02,0.02501666
755,2013-01-03,-0.0019106190000000001
756,2013-01-04,0.005656057
757,2013-01-07,-0.002556823
758,2013-01-08,-0.0022102600000000003
759,2013-01-09,0.0034058480000000004
760,2013-01-10,0.0067950960000000005
761,2013-01-11,0.00024373030000000002
762,2013-01-14,-0.0003503366
763,2013-01-15,0.001960527
764,2013-01-16,-0.0007384862000000001
765,2013-01-17,0.0059357870000000005
766,2013-01-18,0.002942909
767,2013-01-22,0.0051849010000000004
768,2013-01-23,0.0002853636
769,2013-01-24,0.0006399632
770,2013-01-25,0.005256445
771,2013-01-28,-0.001315435
772,2013-01-29,0.003635857
773,2013-01-30,-0.003847937
774,2013-01-31,-0.0008216468
775,2013-02-01,0.009299927000000001
776,2013-02-04,-0.01104594
777,2013-02-05,0.009256282000000001
778,2013-02-06,0.001292491
779,2013-02-07,-0.002119764
780,2013-02-08,0.005393759000000001
781,2013-02-11,-0.001003275
782,2013-02-12,0.0021927220000000002
783,2013-02-13,0.0013908660000000002
784,2013-02-14,0.0008644079000000001
785,2013-02-15,-0.002010893
786,2013-02-19,0.006961627000000001
787,2013-02-20,-0.01333457
788,2013-02-21,-0.007072445
789,2013-02-22,0.00867071
790,2013-02-25,-0.01717463
791,2013-02-26,0.005660053
792,2013-02-27,0.01228384
793,2013-02-28,-0.0006306036000000001
794,2013-03-01,0.0017526330000000002
795,2013-03-04,0.003650621
796,2013-03-05,0.009197121
797,2013-03-06,0.0016588920000000001
798,2013-03-07,0.0023302780000000003
799,2013-03-08,0.004900806000000001
800,2013-03-11,0.002697021
801,2013-03-12,-0.001931624
802,2013-03-13,0.0008064297
803,2013-03-14,0.005966905000000001
804,2013-03-15,-0.0015184480000000002
805,2013-03-18,-0.005330889
806,2013-03-19,-0.0029257420000000003
807,2013-03-20,0.0072536580000000005
808,2013-03-21,-0.00756709
809,2013-03-22,0.005845167
810,2013-03-25,-0.0030732560000000003
811,2013-03-26,0.0073036640000000005
812,2013-03-27,-0.00011920250000000001
813,2013-03-28,0.0040565290000000006
814,2013-04-01,-0.0053959410000000005
815,2013-04-02,0.002711672
816,2013-04-03,-0.01186782
817,2013-04-04,0.0038271460000000005
818,2013-04-05,-0.003523871
819,2013-04-08,0.0066444930000000004
820,2013-04-09,0.0037059870000000004
821,2013-04-10,0.011627170000000001
822,2013-04-11,0.003195919
823,2013-04-12,-0.0037841550000000004
824,2013-04-15,-0.02561343
825,2013-04-16,0.01466541
826,2013-04-17,-0.01470024
827,2013-04-18,-0.005694211
828,2013-04-19,0.009366824000000001
829,2013-04-22,0.00427912
830,2013-04-23,0.010150890000000001
831,2013-04-24,0.00218083
832,2013-04-25,0.004950166000000001
833,2013-04-26,-0.0024787200000000002
834,2013-04-29,0.007375404
835,2013-04-30,0.0041422310000000006
836,2013-05-01,-0.01061553
837,2013-05-02,0.009490195
838,2013-05-03,0.01040835
839,2013-05-06,0.002568089
840,2013-05-07,0.005139369
841,2013-05-08,0.005024609
842,2013-05-09,-0.003690337
843,2013-05-10,0.004680500000000001
844,2013-05-13,-0.0006268109
845,2013-05-14,0.00935682
846,2013-05-15,0.0039469100000000005
847,2013-05-16,-0.004598502
848,2013-05-17,0.009402601
849,2013-05-20,0.0006491219
850,2013-05-21,0.001600744
851,2013-05-22,-0.009646622
852,2013-05-23,-0.002447209
853,2013-05-24,-0.001030282
854,2013-05-28,0.006314721000000001
855,2013-05-29,-0.006975628
856,2013-05-30,0.004207084000000001
857,2013-05-31,-0.0135759
858,2013-06-03,0.004643795
859,2013-06-04,-0.005566698
860,2013-06-05,-0.013405750000000001
861,2013-06-06,0.008985924000000001
862,2013-06-07,0.01139579
863,2013-06-10,0.0001859575
864,2013-06-11,-0.010897510000000001
865,2013-06-12,-0.008141718000000001
866,2013-06-13,0.01506695
867,2013-06-14,-0.0053838110000000005
868,2013-06-17,0.007198787000000001
869,2013-06-18,0.007363564
870,2013-06-19,-0.013410730000000001
871,2013-06-20,-0.025762820000000002
872,2013-06-21,0.0014467360000000001
873,2013-06-24,-0.012357420000000001
874,2013-06-25,0.01032975
875,2013-06-26,0.008929482
876,2013-06-27,0.008127785
877,2013-06-28,-0.002811337
878,2013-07-01,0.006718782
879,2013-07-02,-0.0014132840000000001
880,2013-07-03,0.0004085889
881,2013-07-05,0.009046201
882,2013-07-08,0.005168523
883,2013-07-09,0.007728104
884,2013-07-10,0.0006312386
885,2013-07-11,0.01462179
886,2013-07-12,0.002472567
887,2013-07-15,0.00232575
888,2013-07-16,-0.003794435
889,2013-07-17,0.0030035360000000002
890,2013-07-18,0.0054738270000000006
891,2013-07-19,0.0014929070000000001
892,2013-07-22,0.0028035110000000003
893,2013-07-23,-0.001167911
894,2013-07-24,-0.004922137
895,2013-07-25,0.003969877
896,2013-07-26,0.0001371161
897,2013-07-29,-0.003761181
898,2013-07-30,0.0004032384
899,2013-07-31,0.0001983134
900,2013-08-01,0.01227162
901,2013-08-02,0.00132977
902,2013-08-05,-0.0007348608
903,2013-08-06,-0.006574531000000001
904,2013-08-07,-0.004519545000000001
905,2013-08-08,0.0054437010000000004
906,2013-08-09,-0.001917943
907,2013-08-12,-0.0001422592
908,2013-08-13,0.001518919
909,2013-08-14,-0.004101244
910,2013-08-15,-0.01297339
911,2013-08-16,-0.002938731
912,2013-08-19,-0.00710151
913,2013-08-20,0.005671017
914,2013-08-21,-0.006168465000000001
915,2013-08-22,0.009133363
916,2013-08-23,0.004367656
917,2013-08-26,-0.002848208
918,2013-08-27,-0.01631881
919,2013-08-28,0.0026257290000000003
920,2013-08-29,0.0031998100000000004
921,2013-08-30,-0.004834275000000001
922,2013-09-03,0.004520843
923,2013-09-04,0.007604764000000001
924,2013-09-05,0.0018330100000000002
925,2013-09-06,0.001054812
926,2013-09-09,0.01085407
927,2013-09-10,0.007222216
928,2013-09-11,0.0027438130000000003
929,2013-09-12,-0.004005159
930,2013-09-13,0.002646054
931,2013-09-16,0.005158431000000001
932,2013-09-17,0.004983897
933,2013-09-18,0.0125588
934,2013-09-19,-0.00114516
935,2013-09-20,-0.0073155270000000005
936,2013-09-23,-0.004157186
937,2013-09-24,-0.0012193640000000001
938,2013-09-25,-0.0016646830000000001
939,2013-09-26,0.003966473
940,2013-09-27,-0.00360106
941,2013-09-30,-0.004865056
942,2013-10-01,0.00871265
943,2013-10-02,-0.0006749616000000001
944,2013-10-03,-0.008614151
945,2013-10-04,0.0067463160000000005
946,2013-10-07,-0.008487729000000001
947,2013-10-08,-0.01309194
948,2013-10-09,-0.00045041760000000004
949,2013-10-10,0.02100913
950,2013-10-11,0.006898288000000001
951,2013-10-14,0.004083394000000001
952,2013-10-15,-0.006868747000000001
953,2013-10-16,0.012763410000000001
954,2013-10-17,0.007752437000000001
955,2013-10-18,0.006942987
956,2013-10-21,0.0001421284
957,2013-10-22,0.005535662
958,2013-10-23,-0.005311184
959,2013-10-24,0.004057432000000001
960,2013-10-25,0.003148689
961,2013-10-28,0.00034257410000000004
962,2013-10-29,0.004439338
963,2013-10-30,-0.005667485000000001
964,2013-10-31,-0.003508399
965,2013-11-01,0.0014100800000000002
966,2013-11-04,0.004326503000000001
967,2013-11-05,-0.003012537
968,2013-11-06,0.00304087
969,2013-11-07,-0.01388734
970,2013-11-08,0.01235966
971,2013-11-11,0.0010045450000000001
972,2013-11-12,-0.0022500330000000002
973,2013-11-13,0.008522022
974,2013-11-14,0.004571526
975,2013-11-15,0.004410977
976,2013-11-18,-0.004650057
977,2013-11-19,-0.003368044
978,2013-11-20,-0.0032944360000000004
979,2013-11-21,0.008662767
980,2013-11-22,0.004566897
981,2013-11-25,-0.001437647
982,2013-11-26,0.00107897
983,2013-11-27,0.002740258
984,2013-11-29,0.0001583777
985,2013-12-02,-0.003638376
986,2013-12-03,-0.003717325
987,2013-12-04,-0.0009411679
988,2013-12-05,-0.003515269
989,2013-12-06,0.00968803
990,2013-12-09,0.0018681050000000001
991,2013-12-10,-0.00281604
992,2013-12-11,-0.01207621
993,2013-12-12,-0.002543327
994,2013-12-13,0.0012770350000000001
995,2013-12-16,0.0064482720000000006
996,2013-12-17,-0.002346265
997,2013-12-18,0.01447065
998,2013-12-19,-0.001025122
999,2013-12-20,0.006907395
1000,2013-12-23,0.006233267000000001
1001,2013-12-24,0.003479442
1002,2013-12-26,0.003996613
1003,2013-12-27,-6.1031349999999996e-05
1004,2013-12-30,0.0002759068
1005,2013-12-31,0.0042580100000000004
1006,2014-01-02,-0.008763199000000001
1007,2014-01-03,0.000491314
1008,2014-01-06,-0.0033423330000000003
1009,2014-01-07,0.0060928910000000005
1010,2014-01-08,0.0001570973
1011,2014-01-09,8.881622e-05
1012,2014-01-10,0.0035666110000000003
1013,2014-01-13,-0.01164931
1014,2014-01-14,0.01026459
1015,2014-01-15,0.005068996
1016,2014-01-16,-0.0002803649
1017,2014-01-17,-0.003456443
1018,2014-01-21,0.003353328
1019,2014-01-22,0.001485439
1020,2014-01-23,-0.008165557
1021,2014-01-24,-0.021149
1022,2014-01-27,-0.006634821000000001
1023,2014-01-28,0.0072972670000000005
1024,2014-01-29,-0.009937725000000001
1025,2014-01-30,0.01149466
1026,2014-01-31,-0.005800736000000001
1027,2014-02-03,-0.023214270000000002
1028,2014-02-04,0.007618102000000001
1029,2014-02-05,-0.0019519630000000001
1030,2014-02-06,0.01193233
1031,2014-02-07,0.01260238
1032,2014-02-10,0.001577066
1033,2014-02-11,0.01060753
1034,2014-02-12,0.00115124
1035,2014-02-13,0.00695953
1036,2014-02-14,0.004106468
1037,2014-02-18,0.003183407
1038,2014-02-19,-0.006800626000000001
1039,2014-02-20,0.006444251000000001
1040,2014-02-21,-0.0008180912
1041,2014-02-24,0.006178215000000001
1042,2014-02-25,-0.001269939
1043,2014-02-26,0.001033
1044,2014-02-27,0.004901997
1045,2014-02-28,0.0016742670000000001
1046,2014-03-03,-0.006642646
1047,2014-03-04,0.01544531
1048,2014-03-05,0.0003562304
1049,2014-03-06,0.001725301
1050,2014-03-07,-0.0007950471
1051,2014-03-10,-0.001259611
1052,2014-03-11,-0.005529374
1053,2014-03-12,0.00129977
1054,2014-03-13,-0.01114534
1055,2014-03-14,-0.001383089
1056,2014-03-17,0.008280915
1057,2014-03-18,0.007668686
1058,2014-03-19,-0.006780301000000001
1059,2014-03-20,0.004712498
1060,2014-03-21,-0.0028678970000000003
1061,2014-03-24,-0.0060789830000000005
1062,2014-03-25,0.00344115
1063,2014-03-26,-0.008159928
1064,2014-03-27,-0.00104614
1065,2014-03-28,0.0044738600000000005
1066,2014-03-31,0.009188036
1067,2014-04-01,0.008264455
1068,2014-04-02,0.002824216
1069,2014-04-03,-0.003120116
1070,2014-04-04,-0.01260128
1071,2014-04-07,-0.01166387
1072,2014-04-08,0.005389130000000001
1073,2014-04-09,0.01129877
1074,2014-04-10,-0.02078912
1075,2014-04-11,-0.009800836
1076,2014-04-14,0.006524528000000001
1077,2014-04-15,0.005173012
1078,2014-04-16,0.010634320000000001
1079,2014-04-17,0.0022754760000000002
1080,2014-04-21,0.003485876
1081,2014-04-22,0.005570557
1082,2014-04-23,-0.0027610580000000003
1083,2014-04-24,0.0007188425
1084,2014-04-25,-0.009476789000000001
1085,2014-04-28,0.0010613320000000001
1086,2014-04-29,0.0056308140000000005
1087,2014-04-30,0.0034061760000000003
1088,2014-05-01,0.0007710813000000001
1089,2014-05-02,-0.00026121390000000003
1090,2014-05-05,0.0013039050000000002
1091,2014-05-06,-0.008729888
1092,2014-05-07,0.004405212
1093,2014-05-08,-0.0026839050000000003
1094,2014-05-09,0.0015728530000000001
1095,2014-05-12,0.01117511
1096,2014-05-13,-0.0006678653
1097,2014-05-14,-0.004730450000000001
1098,2014-05-15,-0.008381976000000001
1099,2014-05-16,0.003403389
1100,2014-05-19,0.004289773
1101,2014-05-20,-0.0069378370000000005
1102,2014-05-21,0.0074264660000000005
1103,2014-05-22,0.003500421
1104,2014-05-23,0.004763601
1105,2014-05-27,0.0058988140000000005
1106,2014-05-28,-0.001318502
1107,2014-05-29,0.004921936
1108,2014-05-30,0.0006423502
1109,2014-06-02,0.0007086247000000001
1110,2014-06-03,-0.00036752160000000004
1111,2014-06-04,0.0025560440000000004
1112,2014-06-05,0.007265402000000001
1113,2014-06-06,0.005118193
1114,2014-06-09,0.0018721520000000002
1115,2014-06-10,-0.0003607441
1116,2014-06-11,-0.0030766070000000003
1117,2014-06-12,-0.0056803700000000006
1118,2014-06-13,0.0030577530000000003
1119,2014-06-16,0.0014118820000000002
1120,2014-06-17,0.0029540710000000004
1121,2014-06-18,0.0069655310000000005
1122,2014-06-19,0.00167923
1123,2014-06-20,0.0020823580000000003
1124,2014-06-23,0.0001311819
1125,2014-06-24,-0.006984365
1126,2014-06-25,0.005117348000000001
1127,2014-06-26,-0.0005619535
1128,2014-06-27,0.002892314
1129,2014-06-30,0.001035453
1130,2014-07-01,0.006794749
1131,2014-07-02,-0.0003151133
1132,2014-07-03,0.004971908000000001
1133,2014-07-07,-0.006114834
1134,2014-07-08,-0.00735095
1135,2014-07-09,0.004482064
1136,2014-07-10,-0.004861708
1137,2014-07-11,0.0007763457
1138,2014-07-14,0.004566512
1139,2014-07-15,-0.0032860970000000004
1140,2014-07-16,0.0037535830000000004
1141,2014-07-17,-0.01097452
1142,2014-07-18,0.01025608
1143,2014-07-21,-0.002171875
1144,2014-07-22,0.0051079030000000004
1145,2014-07-23,0.001844254
1146,2014-07-24,0.00024523030000000003
1147,2014-07-25,-0.005029047
1148,2014-07-28,-0.0005128857000000001
1149,2014-07-29,-0.0036616640000000002
1150,2014-07-30,0.0005424992000000001
1151,2014-07-31,-0.01937077
1152,2014-08-01,-0.0034464950000000004
1153,2014-08-04,0.007133574
1154,2014-08-05,-0.008889145000000001
1155,2014-08-06,0.000298868
1156,2014-08-07,-0.004901995
1157,2014-08-08,0.01029975
1158,2014-08-11,0.0047711870000000005
1159,2014-08-12,-0.002199364
1160,2014-08-13,0.006611474
1161,2014-08-14,0.004204314000000001
1162,2014-08-15,0.0002926203
1163,2014-08-18,0.008526743
1164,2014-08-19,0.004717829000000001
1165,2014-08-20,0.0019868570000000003
1166,2014-08-21,0.002461848
1167,2014-08-22,-0.001445495
1168,2014-08-25,0.004552905
1169,2014-08-26,0.002182236
1170,2014-08-27,0.000621873
1171,2014-08-28,-0.0018079840000000001
1172,2014-08-29,0.003802066
1173,2014-09-02,3.293193e-05
1174,2014-09-03,-0.0005815877
1175,2014-09-04,-0.0023839810000000003
1176,2014-09-05,0.00437856
1177,2014-09-08,-0.002774936
1178,2014-09-09,-0.006319499
1179,2014-09-10,0.0033421880000000003
1180,2014-09-11,0.0013079110000000001
1181,2014-09-12,-0.0065911780000000005
1182,2014-09-15,-0.002889392
1183,2014-09-16,0.007021292
1184,2014-09-17,0.0007983009
1185,2014-09-18,0.004518540000000001
1186,2014-09-19,-0.002368816
1187,2014-09-22,-0.01008647
1188,2014-09-23,-0.005997580000000001
1189,2014-09-24,0.007102001
1190,2014-09-25,-0.01555901
1191,2014-09-26,0.008413957
1192,2014-09-29,-0.002424911
1193,2014-09-30,-0.004093284
1194,2014-10-01,-0.01294321
1195,2014-10-02,0.0007758436
1196,2014-10-03,0.009102478
1197,2014-10-06,-0.001584864
1198,2014-10-07,-0.01500243
1199,2014-10-08,0.01586444
1200,2014-10-09,-0.021233850000000002
1201,2014-10-10,-0.01334375
1202,2014-10-13,-0.015515600000000001
1203,2014-10-14,0.002321268
1204,2014-10-15,-0.004488246
1205,2014-10-16,0.0038396880000000004
1206,2014-10-17,0.01082207
1207,2014-10-20,0.009250537000000001
1208,2014-10-21,0.01924613
1209,2014-10-22,-0.008884384
1210,2014-10-23,0.01228165
1211,2014-10-24,0.0060171370000000005
1212,2014-10-27,-0.0021729360000000003
1213,2014-10-28,0.013752750000000001
1214,2014-10-29,-0.002247091
1215,2014-10-30,0.00498994
1216,2014-10-31,0.0115371
1217,2014-11-03,-0.0006854329
1218,2014-11-04,-0.004631924
1219,2014-11-05,0.004892577
1220,2014-11-06,0.003819752
1221,2014-11-07,0.001997371
1222,2014-11-10,0.0027261470000000004
1223,2014-11-11,0.001120486
1224,2014-11-12,0.0005554783
1225,2014-11-13,-0.0009447910000000001
1226,2014-11-14,0.001336231
1227,2014-11-17,-0.00022439240000000002
1228,2014-11-18,0.005504515000000001
1229,2014-11-19,-0.0023725820000000002
1230,2014-11-20,0.003303863
1231,2014-11-21,0.005331837000000001
1232,2014-11-24,0.003184745
1233,2014-11-25,-0.0003857027
1234,2014-11-26,0.0027777170000000003
1235,2014-11-28,-0.0061023710000000005
1236,2014-12-01,-0.008994063
1237,2014-12-02,0.0058731550000000006
1238,2014-12-03,0.005236426000000001
1239,2014-12-04,-0.00215386
1240,2014-12-05,0.00146647
1241,2014-12-08,-0.009486019
1242,2014-12-09,0.001715224
1243,2014-12-10,-0.01745391
1244,2014-12-11,0.004081286
1245,2014-12-12,-0.0152487
1246,2014-12-15,-0.007675045
1247,2014-12-16,-0.005848935
1248,2014-12-17,0.02180792
1249,2014-12-18,0.02156512
1250,2014-12-19,0.0046149400000000005
1251,2014-12-22,0.0032451000000000003
1252,2014-12-23,0.002202299
1253,2014-12-24,0.0005792246
1254,2014-12-26,0.0036698660000000004
1255,2014-12-29,0.001241687
1256,2014-12-30,-0.004288672
1257,2014-12-31,-0.008790857000000001
1258,2015-01-02,-0.0002454474
1259,2015-01-05,-0.018293010000000002
1260,2015-01-06,-0.009672284
1261,2015-01-07,0.01112331
1262,2015-01-08,0.01686037
1263,2015-01-09,-0.007552209000000001
1264,2015-01-12,-0.007791182000000001
1265,2015-01-13,-0.0022668650000000003
1266,2015-01-14,-0.005228286
1267,2015-01-15,-0.009194011
1268,2015-01-16,0.01385574
1269,2015-01-20,0.0002520711
1270,2015-01-21,0.004554862000000001
1271,2015-01-22,0.01471646
1272,2015-01-23,-0.004209607000000001
1273,2015-01-26,0.004406997
1274,2015-01-27,-0.01001783
1275,2015-01-28,-0.014079920000000001
1276,2015-01-29,0.008490648
1277,2015-01-30,-0.01216738
1278,2015-02-02,0.01223492
1279,2015-02-03,0.015039160000000001
1280,2015-02-04,-0.004442768000000001
1281,2015-02-05,0.01151894
1282,2015-02-06,-0.0035859810000000002
1283,2015-02-09,-0.004089992000000001
1284,2015-02-10,0.008617121
1285,2015-02-11,-0.00036632630000000004
1286,2015-02-12,0.01043518
1287,2015-02-13,0.0047387390000000005
1288,2015-02-17,0.001751675
1289,2015-02-18,0.00013631
1290,2015-02-19,-0.0010161810000000001
1291,2015-02-20,0.005713286000000001
1292,2015-02-23,-0.0006544768
1293,2015-02-24,0.0022943620000000003
1294,2015-02-25,0.0006965096
1295,2015-02-26,-0.001538709
1296,2015-02-27,-0.002608052
1297,2015-03-02,0.005497654
1298,2015-03-03,-0.004051529
1299,2015-03-04,-0.003782618
1300,2015-03-05,0.001630368
1301,2015-03-06,-0.01385845
1302,2015-03-09,0.002862734
1303,2015-03-10,-0.015515890000000001
1304,2015-03-11,-0.0001919724
1305,2015-03-12,0.0119903
1306,2015-03-13,-0.0055304840000000004
1307,2015-03-16,0.01177271
1308,2015-03-17,-0.001754176
1309,2015-03-18,0.01208471
1310,2015-03-19,-0.004554148
1311,2015-03-20,0.009393413
1312,2015-03-23,-0.0009483829
1313,2015-03-24,-0.0045732310000000005
1314,2015-03-25,-0.01470182
1315,2015-03-26,-0.002221596
1316,2015-03-27,0.002469086
1317,2015-03-30,0.011527830000000001
1318,2015-03-31,-0.007125264
1319,2015-04-01,-0.002681721
1320,2015-04-02,0.004008609000000001
1321,2015-04-06,0.006582155
1322,2015-04-07,-0.002135908
1323,2015-04-08,0.0035855270000000002
1324,2015-04-09,0.0033697930000000003
1325,2015-04-10,0.004589009000000001
1326,2015-04-13,-0.0037216460000000003
1327,2015-04-14,0.001884786
1328,2015-04-15,0.006187485
1329,2015-04-16,-0.0004226583
1330,2015-04-17,-0.01130446
1331,2015-04-20,0.008085491
1332,2015-04-21,-0.001009736
1333,2015-04-22,0.004148232
1334,2015-04-23,0.003556543
1335,2015-04-24,0.0011621280000000001
1336,2015-04-27,-0.004794893000000001
1337,2015-04-28,0.0024606240000000002
1338,2015-04-29,-0.0039229880000000005
1339,2015-04-30,-0.01068547
1340,2015-05-01,0.009302316000000001
1341,2015-05-04,0.002965423
1342,2015-05-05,-0.011559100000000001
1343,2015-05-06,-0.003354053
1344,2015-05-07,0.0033484350000000003
1345,2015-05-08,0.01209094
1346,2015-05-11,-0.003979013
1347,2015-05-12,-0.002240621
1348,2015-05-13,0.0001826575
1349,2015-05-14,0.009716019000000001
1350,2015-05-15,0.001057987
1351,2015-05-18,0.003346968
1352,2015-05-19,-0.001361486
1353,2015-05-20,-0.0003119797
1354,2015-05-21,0.002477555
1355,2015-05-22,-0.0022069330000000003
1356,2015-05-26,-0.01047918
1357,2015-05-27,0.008646578
1358,2015-05-28,-0.001210032
1359,2015-05-29,-0.005826355
1360,2015-06-01,0.001534994
1361,2015-06-02,0.0003859959
1362,2015-06-03,0.0026479900000000002
1363,2015-06-04,-0.008897437000000001
1364,2015-06-05,-4.4950079999999995e-06
1365,2015-06-08,-0.006528789
1366,2015-06-09,-3.296471e-05
1367,2015-06-10,0.01152912
1368,2015-06-11,0.0018895480000000002
1369,2015-06-12,-0.00617073
1370,2015-06-15,-0.004048043
1371,2015-06-16,0.0049537420000000006
1372,2015-06-17,0.0017256090000000001
1373,2015-06-18,0.009275291
1374,2015-06-19,-0.004870893
1375,2015-06-22,0.005854481000000001
1376,2015-06-23,0.0012922790000000001
1377,2015-06-24,-0.007421433000000001
1378,2015-06-25,-0.002669973
1379,2015-06-26,-0.0008169298
1380,2015-06-29,-0.02152275
1381,2015-06-30,0.0029763100000000002
1382,2015-07-01,0.0054648890000000006
1383,2015-07-02,-0.000558922
1384,2015-07-06,-0.004524783
1385,2015-07-07,0.004980267
1386,2015-07-08,-0.0165351
1387,2015-07-09,0.0027509880000000002
1388,2015-07-10,0.01268044
1389,2015-07-13,0.01025798
1390,2015-07-14,0.004731606
1391,2015-07-15,-0.002490655
1392,2015-07-16,0.006972239000000001
1393,2015-07-17,-0.0006395028000000001
1394,2015-07-20,-0.00122236
1395,2015-07-21,-0.004066763
1396,2015-07-22,-0.002371564
1397,2015-07-23,-0.005446774000000001
1398,2015-07-24,-0.01004562
1399,2015-07-27,-0.007102156
1400,2015-07-28,0.01228197
1401,2015-07-29,0.007591688
1402,2015-07-30,0.0007965578
1403,2015-07-31,-0.0007697612000000001
1404,2015-08-03,-0.0036850330000000003
1405,2015-08-04,-0.0017201170000000002
1406,2015-08-05,0.0025707860000000003
1407,2015-08-06,-0.007832939
1408,2015-08-07,-0.0032940350000000003
1409,2015-08-10,0.01315924
1410,2015-08-11,-0.009273923
1411,2015-08-12,0.0007081375
1412,2015-08-13,-0.002057869
1413,2015-08-14,0.00378552
1414,2015-08-17,0.005741367000000001
1415,2015-08-18,-0.003508768
1416,2015-08-19,-0.008817147000000001
1417,2015-08-20,-0.02166864
1418,2015-08-21,-0.02804931
1419,2015-08-24,-0.03860985
1420,2015-08-25,-0.010301
1421,2015-08-26,0.03382632
1422,2015-08-27,0.02445847
1423,2015-08-28,0.002550155
1424,2015-08-31,-0.007260263
1425,2015-09-01,-0.02820381
1426,2015-09-02,0.01636353
1427,2015-09-03,0.0018439740000000002
1428,2015-09-04,-0.0137722
1429,2015-09-08,0.02371213
1430,2015-09-09,-0.01279587
1431,2015-09-10,0.004402377
1432,2015-09-11,0.003423133
1433,2015-09-14,-0.004224529
1434,2015-09-15,0.011445770000000001
1435,2015-09-16,0.009543591
1436,2015-09-17,-0.0007086276000000001
1437,2015-09-18,-0.015352020000000001
1438,2015-09-21,0.003292737
1439,2015-09-22,-0.01363811
1440,2015-09-23,-0.003502083
1441,2015-09-24,-0.003702714
1442,2015-09-25,-0.002128189
1443,2015-09-28,-0.02707853
1444,2015-09-29,-0.0009123468
1445,2015-09-30,0.01944582
1446,2015-10-01,0.0019443090000000002
1447,2015-10-02,0.01519492
1448,2015-10-05,0.01879187
1449,2015-10-06,-0.003084804
1450,2015-10-07,0.009824418000000001
1451,2015-10-08,0.008541334000000001
1452,2015-10-09,0.001443209
1453,2015-10-12,-0.0002227592
1454,2015-10-13,-0.007814655
1455,2015-10-14,-0.00429456
1456,2015-10-15,0.01472566
1457,2015-10-16,0.0034041740000000003
1458,2015-10-19,-0.0006800244
1459,2015-10-20,-0.0011676430000000001
1460,2015-10-21,-0.008036511
1461,2015-10-22,0.01396187
1462,2015-10-23,0.009509588000000001
1463,2015-10-26,-0.002820622
1464,2015-10-27,-0.004498691
1465,2015-10-28,0.01367955
1466,2015-10-29,-0.0022173780000000003
1467,2015-10-30,-0.004000724000000001
1468,2015-11-02,0.01246762
1469,2015-11-03,0.003106198
1470,2015-11-04,-0.003382817
1471,2015-11-05,-0.0014002420000000001
1472,2015-11-06,-0.00037745000000000004
1473,2015-11-09,-0.009605064
1474,2015-11-10,0.001282682
1475,2015-11-11,-0.004145464000000001
1476,2015-11-12,-0.01453143
1477,2015-11-13,-0.009794232
1478,2015-11-16,0.01375751
1479,2015-11-17,-0.001366445
1480,2015-11-18,0.01529837
1481,2015-11-19,-0.0010001880000000002
1482,2015-11-20,0.0029988510000000003
1483,2015-11-23,-0.0006640174000000001
1484,2015-11-24,0.002359851
1485,2015-11-25,0.001172544
1486,2015-11-27,0.0007687467000000001
1487,2015-11-30,-0.0038522680000000003
1488,2015-12-01,0.009516886
1489,2015-12-02,-0.01073467
1490,2015-12-03,-0.014321760000000001
1491,2015-12-04,0.01644714
1492,2015-12-07,-0.009793278
1493,2015-12-08,-0.006127673
1494,2015-12-09,-0.006628173
1495,2015-12-10,0.002058898
1496,2015-12-11,-0.019864
1497,2015-12-14,0.001579422
1498,2015-12-15,0.01133687
1499,2015-12-16,0.01489708
1500,2015-12-17,-0.01461372
1501,2015-12-18,-0.01507029
1502,2015-12-21,0.007168130000000001
1503,2015-12-22,0.008846908
1504,2015-12-23,0.01370401
1505,2015-12-24,-0.0008406111
1506,2015-12-28,-0.0033282150000000003
1507,2015-12-29,0.010026460000000001
1508,2015-12-30,-0.007372701000000001
1509,2015-12-31,-0.008184024
1510,2016-01-04,-0.01489305
1511,2016-01-05,0.0013866540000000002
1512,2016-01-06,-0.013822880000000001
1513,2016-01-07,-0.02394297
1514,2016-01-08,-0.01095529
1515,2016-01-11,-0.0017352370000000002
1516,2016-01-12,0.00607695
1517,2016-01-13,-0.02586904
1518,2016-01-14,0.01546077
1519,2016-01-15,-0.02170243
1520,2016-01-19,-0.002421267
1521,2016-01-20,-0.01060583
1522,2016-01-21,0.0056778950000000005
1523,2016-01-22,0.02250029
1524,2016-01-25,-0.01670779
1525,2016-01-26,0.01593418
1526,2016-01-27,-0.010548130000000001
1527,2016-01-28,0.0050453930000000004
1528,2016-01-29,0.02457951
1529,2016-02-01,-0.0003606769
1530,2016-02-02,-0.02005196
1531,2016-02-03,0.005742280000000001
1532,2016-02-04,0.0036596270000000004
1533,2016-02-05,-0.01961916
1534,2016-02-08,-0.01698903
1535,2016-02-09,-0.0030815580000000003
1536,2016-02-10,0.0002686096
1537,2016-02-11,-0.01199564
1538,2016-02-12,0.0201658
1539,2016-02-16,0.0177052
1540,2016-02-17,0.01811709
1541,2016-02-18,-0.004211665
1542,2016-02-19,-0.0002391085
1543,2016-02-22,0.01433351
1544,2016-02-23,-0.01181776
1545,2016-02-24,0.0049653810000000005
1546,2016-02-25,0.01104746
1547,2016-02-26,0.00029963310000000003
1548,2016-02-29,-0.005898803
1549,2016-03-01,0.02242005
1550,2016-03-02,0.005700626
1551,2016-03-03,0.005619401
1552,2016-03-04,0.004174407000000001
1553,2016-03-07,0.003227422
1554,2016-03-08,-0.01357742
1555,2016-03-09,0.005580772
1556,2016-03-10,-0.001278394
1557,2016-03-11,0.01747548
1558,2016-03-14,-0.001582793
1559,2016-03-15,-0.00446428
1560,2016-03-16,0.007504665000000001
1561,2016-03-17,0.008263567000000001
1562,2016-03-18,0.003877283
1563,2016-03-21,0.0005061455
1564,2016-03-22,-0.00037063330000000003
1565,2016-03-23,-0.009470343
1566,2016-03-24,-0.0001358505
1567,2016-03-28,0.0008043157
1568,2016-03-29,0.01106235
1569,2016-03-30,0.004474839
1570,2016-03-31,-0.0008688619
1571,2016-04-01,0.0046565
1572,2016-04-04,-0.004401703
1573,2016-04-05,-0.01002288
1574,2016-04-06,0.0110814
1575,2016-04-07,-0.011672130000000001
1576,2016-04-08,0.004341918
1577,2016-04-11,-0.001834609
1578,2016-04-12,0.01041678
1579,2016-04-13,0.0113246
1580,2016-04-14,-0.0004548542
1581,2016-04-15,-0.0005639567
1582,2016-04-18,0.006779796
1583,2016-04-19,0.004498331
1584,2016-04-20,0.001229023
1585,2016-04-21,-0.005275977
1586,2016-04-22,0.001844658
1587,2016-04-25,-0.0027994730000000002
1588,2016-04-26,0.003363402
1589,2016-04-27,0.002653888
1590,2016-04-28,-0.008579056
1591,2016-04-29,-0.004464409
1592,2016-05-02,0.006742208
1593,2016-05-03,-0.01111845
1594,2016-05-04,-0.006192255000000001
1595,2016-05-05,-0.0005046636
1596,2016-05-06,0.003522186
1597,2016-05-09,-0.00021374800000000001
1598,2016-05-10,0.01231345
1599,2016-05-11,-0.008296706000000001
1600,2016-05-12,-0.000769324
1601,2016-05-13,-0.007977048
1602,2016-05-16,0.01022697
1603,2016-05-17,-0.008602391000000001
1604,2016-05-18,-0.0008183753
1605,2016-05-19,-0.0038022940000000003
1606,2016-05-20,0.007642688000000001
1607,2016-05-23,-0.0017883970000000002
1608,2016-05-24,0.01313276
1609,2016-05-25,0.007341391
1610,2016-05-26,-0.0001666393
1611,2016-05-27,0.0044210560000000005
1612,2016-05-31,-0.00034735580000000004
1613,2016-06-01,0.0023655390000000003
1614,2016-06-02,0.0036152270000000004
1615,2016-06-03,-0.0019496620000000002
1616,2016-06-06,0.0061536030000000005
1617,2016-06-07,0.0021261690000000002
1618,2016-06-08,0.003569954
1619,2016-06-09,-0.0028209230000000004
1620,2016-06-10,-0.01124704
1621,2016-06-13,-0.008142782000000001
1622,2016-06-14,-0.002784871
1623,2016-06-15,-0.0005023938
1624,2016-06-16,0.001899262
1625,2016-06-17,-0.0017483750000000001
1626,2016-06-20,0.007290445
1627,2016-06-21,0.002341019
1628,2016-06-22,-0.0018701980000000002
1629,2016-06-23,0.014434810000000001
1630,2016-06-24,-0.03667448
1631,2016-06-27,-0.0203626
1632,2016-06-28,0.01806027
1633,2016-06-29,0.01762092
1634,2016-06-30,0.01319235
1635,2016-07-01,0.003017432
1636,2016-07-05,-0.008242971
1637,2016-07-06,0.005435952
1638,2016-07-07,-0.0006891761
1639,2016-07-08,0.0154873
1640,2016-07-11,0.004217257
1641,2016-07-12,0.007950551
1642,2016-07-13,-0.0002352354
1643,2016-07-14,0.004694031
1644,2016-07-15,-0.0007996852
1645,2016-07-18,0.00260677
1646,2016-07-19,-0.002372562
1647,2016-07-20,0.00463386
1648,2016-07-21,-0.003330032
1649,2016-07-22,0.004504696
1650,2016-07-25,-0.0031599090000000002
1651,2016-07-26,0.0016226740000000002
1652,2016-07-27,-0.001253079
1653,2016-07-28,0.0016748230000000002
1654,2016-07-29,0.0026274980000000002
1655,2016-08-01,-0.00226622
1656,2016-08-02,-0.007107688
1657,2016-08-03,0.004392614
1658,2016-08-04,0.0008113657
1659,2016-08-05,0.008067979000000001
1660,2016-08-08,0.00011297500000000001
1661,2016-08-09,0.0010635240000000002
1662,2016-08-10,-0.0025633910000000004
1663,2016-08-11,0.004830456
1664,2016-08-12,-0.0004984977
1665,2016-08-15,0.004021905
1666,2016-08-16,-0.0054785780000000004
1667,2016-08-17,0.001038941
1668,2016-08-18,0.003394078
1669,2016-08-19,-0.001828448
1670,2016-08-22,-0.0004331903
1671,2016-08-23,0.0028253970000000003
1672,2016-08-24,-0.00604451
1673,2016-08-25,-0.0006757088000000001
1674,2016-08-26,-0.0018301530000000002
1675,2016-08-29,0.0052314530000000005
1676,2016-08-30,-0.001519336
1677,2016-08-31,-0.002579809
1678,2016-09-01,0.0007481831000000001
1679,2016-09-02,0.005892741
1680,2016-09-06,0.003396047
1681,2016-09-07,0.0008216436
1682,2016-09-08,-0.002060829
1683,2016-09-09,-0.02504117
1684,2016-09-12,0.01336482
1685,2016-09-13,-0.01585986
1686,2016-09-14,-0.0005380981
1687,2016-09-15,0.01010456
1688,2016-09-16,-0.0038735490000000004
1689,2016-09-19,0.001381821
1690,2016-09-20,-0.0003687058
1691,2016-09-21,0.01188134
1692,2016-09-22,0.007823005000000001
1693,2016-09-23,-0.005952893000000001
1694,2016-09-26,-0.008232055
1695,2016-09-27,0.005093803
1696,2016-09-28,0.006723499000000001
1697,2016-09-29,-0.009217294000000001
1698,2016-09-30,0.007836548
1699,2016-10-03,-0.0030537510000000004
1700,2016-10-04,-0.005609403000000001
1701,2016-10-05,0.004955695
1702,2016-10-06,-0.0007457943
1703,2016-10-07,-0.003835396
1704,2016-10-10,0.005608952
1705,2016-10-11,-0.01262802
1706,2016-10-12,0.0009291885
1707,2016-10-13,-0.0033228230000000004
1708,2016-10-14,-0.0003286947
1709,2016-10-17,-0.002530903
1710,2016-10-18,0.006565661
1711,2016-10-19,0.0030092860000000003
1712,2016-10-20,-0.001638209
1713,2016-10-21,-0.000113042
1714,2016-10-24,0.0044346310000000005
1715,2016-10-25,-0.0043720550000000006
1716,2016-10-26,-0.0027954760000000003
1717,2016-10-27,-0.003999332
1718,2016-10-28,-0.002577957
1719,2016-10-31,0.0004178332
1720,2016-11-01,-0.006787526
1721,2016-11-02,-0.0077064080000000005
1722,2016-11-03,-0.003940674
1723,2016-11-04,-0.001244805
1724,2016-11-07,0.02094915
1725,2016-11-08,0.0038889830000000004
1726,2016-11-09,0.01210361
1727,2016-11-10,0.001979153
1728,2016-11-11,0.0002526021
1729,2016-11-14,0.002392991
1730,2016-11-15,0.007914382000000001
1731,2016-11-16,-0.0015170810000000002
1732,2016-11-17,0.004606571
1733,2016-11-18,-0.0013668060000000001
1734,2016-11-21,0.007777359
1735,2016-11-22,0.003041565
1736,2016-11-23,0.0009478198000000001
1737,2016-11-25,0.0036389670000000003
1738,2016-11-28,-0.005951907
1739,2016-11-29,0.0009525341
1740,2016-11-30,-0.001536526
1741,2016-12-01,-0.004213545
1742,2016-12-02,0.0006991036000000001
1743,2016-12-05,0.007310833
1744,2016-12-06,0.0047595120000000005
1745,2016-12-07,0.01240085
1746,2016-12-08,0.003748715
1747,2016-12-09,0.0039162830000000004
1748,2016-12-12,-0.002453045
1749,2016-12-13,0.005775093
1750,2016-12-14,-0.009627597
1751,2016-12-15,0.003584424
1752,2016-12-16,-0.00115332
1753,2016-12-19,0.00208527
1754,2016-12-20,0.004305730000000001
1755,2016-12-21,-0.002500758
1756,2016-12-22,-0.002732462
1757,2016-12-23,0.00184311
1758,2016-12-27,0.002522392
1759,2016-12-28,-0.00798957
1760,2016-12-29,0.0005821467
1761,2016-12-30,-0.004037713
1762,2017-01-03,0.008223117
1763,2017-01-04,0.008636715000000001
1764,2017-01-05,-0.0009498099
1765,2017-01-06,0.00231975
1766,2017-01-09,-0.003931317
1767,2017-01-10,0.0013059900000000001
1768,2017-01-11,0.0032287870000000003
1769,2017-01-12,-0.002550624
1770,2017-01-13,0.0028221260000000003
1771,2017-01-17,-0.0036935490000000004
1772,2017-01-18,0.001418399
1773,2017-01-19,-0.0038892320000000003
1774,2017-01-20,0.0036290510000000003
1775,2017-01-23,-0.0019292480000000002
1776,2017-01-24,0.008383161
1777,2017-01-25,0.008092184
1778,2017-01-26,-0.001152307
1779,2017-01-27,-0.001605384
1780,2017-01-30,-0.007064890000000001
1781,2017-01-31,0.0008386406000000001
1782,2017-02-01,0.0002826913
1783,2017-02-02,0.0006174294
1784,2017-02-03,0.007818678
1785,2017-02-06,-0.00272274
1786,2017-02-07,-0.0005480326
1787,2017-02-08,0.0012216850000000001
1788,2017-02-09,0.006501453000000001
1789,2017-02-10,0.004109601
1790,2017-02-13,0.004657269
1791,2017-02-14,0.003888831
1792,2017-02-15,0.0047898360000000004
1793,2017-02-16,-0.001259074
1794,2017-02-17,0.0018906980000000001
1795,2017-02-21,0.0058189750000000005
1796,2017-02-22,-0.001745699
1797,2017-02-23,-0.0009098183000000001
1798,2017-02-24,0.0004417375
1799,2017-02-27,0.002004603
1800,2017-02-28,-0.004653494
1801,2017-03-01,0.013386180000000001
1802,2017-03-02,-0.006867555
1803,2017-03-03,0.0009451881
1804,2017-03-06,-0.003806526
1805,2017-03-07,-0.0034326950000000004
1806,2017-03-08,-0.003239575
1807,2017-03-09,-0.000245394
1808,2017-03-10,0.003451546
1809,2017-03-13,0.001662269
1810,2017-03-14,-0.004193636000000001
1811,2017-03-15,0.01013639
1812,2017-03-16,-0.0006116955
1813,2017-03-17,-0.000819686
1814,2017-03-20,-0.002334694
1815,2017-03-21,-0.01361703
1816,2017-03-22,0.0017927040000000002
1817,2017-03-23,0.000151733
1818,2017-03-24,-0.00031628200000000003
1819,2017-03-27,-0.0003485089
1820,2017-03-28,0.006904203
1821,2017-03-29,0.002272056
1822,2017-03-30,0.0026013800000000004
1823,2017-03-31,-0.001094429
1824,2017-04-03,-0.0026369030000000003
1825,2017-04-04,0.0006275692
1826,2017-04-05,-0.00413951
1827,2017-04-06,0.003508703
1828,2017-04-07,-0.0007226149
1829,2017-04-10,0.001473696
1830,2017-04-11,-0.0001305632
1831,2017-04-12,-0.004586497
1832,2017-04-13,-0.007207082
1833,2017-04-17,0.008657552
1834,2017-04-18,-0.00251206
1835,2017-04-19,-0.0013399220000000001
1836,2017-04-20,0.007675992
1837,2017-04-21,-0.002852472
1838,2017-04-24,0.01076413
1839,2017-04-25,0.005972150000000001
1840,2017-04-26,-0.0001024817
1841,2017-04-27,-4.4542189999999994e-05
1842,2017-04-28,-0.002609647
1843,2017-05-01,0.00199491
1844,2017-05-02,0.000248492
1845,2017-05-03,-0.002573849
1846,2017-05-04,-0.0007851692
1847,2017-05-05,0.0058011930000000005
1848,2017-05-08,-0.0008218895000000001
1849,2017-05-09,-0.0009860295
1850,2017-05-10,0.002606021
1851,2017-05-11,-0.002720058
1852,2017-05-12,-0.0015456200000000002
1853,2017-05-15,0.00561323
1854,2017-05-16,-0.0003877916
1855,2017-05-17,-0.01812919
1856,2017-05-18,0.0033752440000000003
1857,2017-05-19,0.007587895000000001
1858,2017-05-22,0.0054003160000000005
1859,2017-05-23,0.0015306270000000001
1860,2017-05-24,0.0024016790000000003
1861,2017-05-25,0.003243329
1862,2017-05-26,0.0003094508
1863,2017-05-30,-0.002276006
1864,2017-05-31,-0.0003294218
1865,2017-06-01,0.009059124
1866,2017-06-02,0.0034840360000000003
1867,2017-06-05,-0.0018206600000000002
1868,2017-06-06,-0.0021517230000000004
1869,2017-06-07,0.0007158268
1870,2017-06-08,0.001593405
1871,2017-06-09,-0.0005379253000000001
1872,2017-06-12,-0.0008696702000000001
1873,2017-06-13,0.005336849
1874,2017-06-14,-0.0023036660000000002
1875,2017-06-15,-0.0029863520000000003
1876,2017-06-16,0.0005519002
1877,2017-06-19,0.007646424000000001
1878,2017-06-20,-0.007522022000000001
1879,2017-06-21,-0.0007594102
1880,2017-06-22,0.0008040934
1881,2017-06-23,0.002919795
1882,2017-06-26,0.0009353046000000001
1883,2017-06-27,-0.0074798500000000006
1884,2017-06-28,0.01001673
1885,2017-06-29,-0.008119592
1886,2017-06-30,0.0014486780000000001
1887,2017-07-03,0.003047005
1888,2017-07-05,0.0001292511
1889,2017-07-06,-0.009247804
1890,2017-07-07,0.0064484320000000005
1891,2017-07-10,0.0005071637000000001
1892,2017-07-11,0.0002362055
1893,2017-07-12,0.007700892000000001
1894,2017-07-13,0.0017390600000000002
1895,2017-07-14,0.004854939
1896,2017-07-17,1.542543e-05
1897,2017-07-18,0.00045542980000000004
1898,2017-07-19,0.005978151
1899,2017-07-20,2.993871e-05
1900,2017-07-21,-0.0009271072
1901,2017-07-24,-0.0001376069
1902,2017-07-25,0.0034670020000000003
1903,2017-07-26,-8.678323999999999e-05
1904,2017-07-27,-0.002093286
1905,2017-07-28,-0.0010721230000000001
1906,2017-07-31,-0.0008540312000000001
1907,2017-08-01,0.0023615240000000003
1908,2017-08-02,-0.0009904938000000001
1909,2017-08-03,-0.002186602
1910,2017-08-04,0.0020133810000000003
1911,2017-08-07,0.001411988
1912,2017-08-08,-0.002777435
1913,2017-08-09,-0.001453607
1914,2017-08-10,-0.01443106
1915,2017-08-11,0.001508206
1916,2017-08-14,0.009837952
1917,2017-08-15,-0.0014526530000000001
1918,2017-08-16,0.0021539740000000003
1919,2017-08-17,-0.01457546
1920,2017-08-18,-0.001182064
1921,2017-08-21,0.0008538921
1922,2017-08-22,0.009414691000000001
1923,2017-08-23,-0.0019198890000000001
1924,2017-08-24,-0.0011596940000000002
1925,2017-08-25,0.0020043020000000003
1926,2017-08-28,0.0003239152
1927,2017-08-29,0.0006739161
1928,2017-08-30,0.004622024000000001
1929,2017-08-31,0.006909246000000001
1930,2017-09-01,0.002861886
1931,2017-09-05,-0.0076275710000000005
1932,2017-09-06,0.003196678
1933,2017-09-07,-3.82061e-05
1934,2017-09-08,-0.001273629
1935,2017-09-11,0.0102636
1936,2017-09-12,0.0035577710000000004
1937,2017-09-13,0.0005590784
1938,2017-09-14,-0.0004915952
1939,2017-09-15,0.001830252
1940,2017-09-18,0.002008408
1941,2017-09-19,0.001113948
1942,2017-09-20,0.0009187544000000001
1943,2017-09-21,-0.002542103
1944,2017-09-22,0.0011038670000000001
1945,2017-09-25,-0.0018848990000000002
1946,2017-09-26,0.0002172862
1947,2017-09-27,0.004986288
1948,2017-09-28,0.001612104
1949,2017-09-29,0.003332783
1950,2017-10-02,0.004559375
1951,2017-10-03,0.0024999690000000003
1952,2017-10-04,0.0007780805000000001
1953,2017-10-05,0.004774499000000001
1954,2017-10-06,-0.0009773062000000001
1955,2017-10-09,-0.001991737
1956,2017-10-10,0.002715177
1957,2017-10-11,0.0019495080000000002
1958,2017-10-12,-0.001541456
1959,2017-10-13,0.0008816887000000001
1960,2017-10-16,0.001014029
1961,2017-10-17,-0.0001856475
1962,2017-10-18,0.0009852655
1963,2017-10-19,-0.0001345472
1964,2017-10-20,0.004205503
1965,2017-10-23,-0.00428023
1966,2017-10-24,0.0016560680000000001
1967,2017-10-25,-0.005409615
1968,2017-10-26,0.001498041
1969,2017-10-27,0.007595335000000001
1970,2017-10-30,-0.003396759
1971,2017-10-31,0.002038181
1972,2017-11-01,0.0007536304000000001
1973,2017-11-02,0.0003427893
1974,2017-11-03,0.002859589
1975,2017-11-06,0.0021008800000000003
1976,2017-11-07,-0.0018364870000000001
1977,2017-11-08,0.0013843470000000002
1978,2017-11-09,-0.003602595
1979,2017-11-10,-0.0002688092
1980,2017-11-13,0.0001910236
1981,2017-11-14,-0.002572137
1982,2017-11-15,-0.004863292
1983,2017-11-16,0.00934161
1984,2017-11-17,-0.0009216350000000001
1985,2017-11-20,0.0018053650000000002
1986,2017-11-21,0.006545106
1987,2017-11-22,-6.655979e-05
1988,2017-11-24,0.0021520650000000003
1989,2017-11-27,-0.001553265
1990,2017-11-28,0.00884056
1991,2017-11-29,-0.0007272084
1992,2017-11-30,0.0072471260000000004
1993,2017-12-01,-0.0011223090000000002
1994,2017-12-04,-0.0017499920000000001
1995,2017-12-05,-0.0041873480000000005
1996,2017-12-06,-0.0013919310000000001
1997,2017-12-07,0.004025115
1998,2017-12-08,0.0050549110000000005
1999,2017-12-11,0.0027841890000000003
2000,2017-12-12,0.0007462822
2001,2017-12-13,0.0005371651000000001
2002,2017-12-14,-0.004378351
2003,2017-12-15,0.007958158
2004,2017-12-18,0.0067634240000000005
2005,2017-12-19,-0.0034100500000000004
2006,2017-12-20,-9.834953e-05
2007,2017-12-21,0.0025149070000000003
2008,2017-12-22,-0.0001609579
2009,2017-12-26,-0.0001684311
2010,2017-12-27,0.0008460721
2011,2017-12-28,0.002505214
2012,2017-12-29,-0.0047516680000000006
2013,2018-01-02,0.008495504000000001
2014,2018-01-03,0.005865550000000001
2015,2018-01-04,0.004005361
2016,2018-01-05,0.005815558
2017,2018-01-08,0.0018217760000000002
2018,2018-01-09,0.0009227722
2019,2018-01-10,-0.00150397
2020,2018-01-11,0.008304185
2021,2018-01-12,0.006089568
2022,2018-01-16,-0.004437861
2023,2018-01-17,0.008579361
2024,2018-01-18,-0.002004983
2025,2018-01-19,0.005428154
2026,2018-01-22,0.007601081000000001
2027,2018-01-23,0.0026235670000000003
2028,2018-01-24,-0.0009017431
2029,2018-01-25,7.179613e-05
2030,2018-01-26,0.009977407
2031,2018-01-29,-0.0069223
2032,2018-01-30,-0.01020549
2033,2018-01-31,0.000146511
2034,2018-02-01,-0.0002593165
2035,2018-02-02,-0.02089536
2036,2018-02-05,-0.03806134
2037,2018-02-06,0.015331270000000001
2038,2018-02-07,-0.004180571
2039,2018-02-08,-0.034725940000000004
2040,2018-02-09,0.01229508
2041,2018-02-12,0.01323169
2042,2018-02-13,0.0028961300000000002
2043,2018-02-14,0.014377270000000001
2044,2018-02-15,0.0111205
2045,2018-02-16,0.0003665616
2046,2018-02-20,-0.006288829
2047,2018-02-21,-0.004404349
2048,2018-02-22,0.0002217617
2049,2018-02-23,0.01466854
2050,2018-02-26,0.01000595
2051,2018-02-27,-0.012566250000000001
2052,2018-02-28,-0.01105196
2053,2018-03-01,-0.010800790000000001
2054,2018-03-02,0.00587983
2055,2018-03-05,0.01014035
2056,2018-03-06,0.0041518580000000005
2057,2018-03-07,0.0004504329
2058,2018-03-08,0.0036495710000000003
2059,2018-03-09,0.01576402
2060,2018-03-12,-0.00015172040000000002
2061,2018-03-13,-0.006184219
2062,2018-03-14,-0.004596057000000001
2063,2018-03-15,-0.0022078
2064,2018-03-16,0.002436386
2065,2018-03-19,-0.012920860000000001
2066,2018-03-20,0.0013387800000000001
2067,2018-03-21,0.0004207087
2068,2018-03-22,-0.02391522
2069,2018-03-23,-0.01930356
2070,2018-03-26,0.02425455
2071,2018-03-27,-0.01658261
2072,2018-03-28,-0.0025930410000000004
2073,2018-03-29,0.01346838
2074,2018-04-02,-0.02137723
2075,2018-04-03,0.01151916
2076,2018-04-04,0.01037052
2077,2018-04-05,0.007420235000000001
2078,2018-04-06,-0.01999352
2079,2018-04-09,0.002850926
2080,2018-04-10,0.01642726
2081,2018-04-11,-0.0037993420000000003
2082,2018-04-12,0.006944109
2083,2018-04-13,-0.003075359
2084,2018-04-16,0.008009972
2085,2018-04-17,0.01029907
2086,2018-04-18,0.001631599
2087,2018-04-19,-0.005398815
2088,2018-04-20,-0.0074694620000000005
2089,2018-04-23,-0.000445122
2090,2018-04-24,-0.01137848
2091,2018-04-25,0.0007798338
2092,2018-04-26,0.009021527000000001
2093,2018-04-27,0.0007142542000000001
2094,2018-04-30,-0.007264866
2095,2018-05-01,0.002193275
2096,2018-05-02,-0.005577759000000001
2097,2018-05-03,-0.0022585640000000002
2098,2018-05-04,0.01230941
2099,2018-05-07,0.0041342950000000005
2100,2018-05-08,0.0004144104
2101,2018-05-09,0.008620635
2102,2018-05-10,0.008631408
2103,2018-05-11,0.001547755
2104,2018-05-14,0.0007813333
2105,2018-05-15,-0.00576487
2106,2018-05-16,0.004819201
2107,2018-05-17,0.0002970408
2108,2018-05-18,-0.002232931
2109,2018-05-21,0.006993269000000001
2110,2018-05-22,-0.003458477
2111,2018-05-23,0.00228852
2112,2018-05-24,-0.0018300360000000002
2113,2018-05-25,-0.002216086
2114,2018-05-29,-0.009967117000000001
2115,2018-05-30,0.01311992
2116,2018-05-31,-0.006497256000000001
2117,2018-06-01,0.009657483000000001
2118,2018-06-04,0.004531348
2119,2018-06-05,0.0014781360000000001
2120,2018-06-06,0.007996631
2121,2018-06-07,-0.001116302
2122,2018-06-08,0.0029880030000000004
2123,2018-06-11,0.001518592
2124,2018-06-12,0.0019454600000000002
2125,2018-06-13,-0.0036135110000000002
2126,2018-06-14,0.0026410260000000003
2127,2018-06-15,-0.0016408570000000001
2128,2018-06-18,-0.0007513058
2129,2018-06-19,-0.004085521
2130,2018-06-20,0.002739192
2131,2018-06-21,-0.006907598
2132,2018-06-22,0.0022870290000000003
2133,2018-06-25,-0.01442814
2134,2018-06-26,0.0029240990000000003
2135,2018-06-27,-0.009756579000000001
2136,2018-06-28,0.005633544000000001
2137,2018-06-29,0.00158665
2138,2018-07-02,0.002183313
2139,2018-07-03,-0.002894916
2140,2018-07-05,0.008482645
2141,2018-07-06,0.008399212000000001
2142,2018-07-09,0.008411069
2143,2018-07-10,0.00229721
2144,2018-07-11,-0.007414254
2145,2018-07-12,0.008248799000000001
2146,2018-07-13,0.0007116947
2147,2018-07-16,-0.001833149
2148,2018-07-17,0.0038869620000000003
2149,2018-07-18,0.0024739970000000003
2150,2018-07-19,-0.0024684670000000002
2151,2018-07-20,-0.001022588
2152,2018-07-23,0.0010256380000000002
2153,2018-07-24,0.001977482
2154,2018-07-25,0.008271217
2155,2018-07-26,-0.0015577260000000002
2156,2018-07-27,-0.007644395000000001
2157,2018-07-30,-0.005580711
2158,2018-07-31,0.0055344980000000005
2159,2018-08-01,-0.0012989870000000001
2160,2018-08-02,0.005508595000000001
2161,2018-08-03,0.0032738000000000003
2162,2018-08-06,0.0038568730000000002
2163,2018-08-07,0.002254017
2164,2018-08-08,-0.0002701416
2165,2018-08-09,-0.0002949114
2166,2018-08-10,-0.0063360330000000005
2167,2018-08-13,-0.004688546
2168,2018-08-14,0.006617232000000001
2169,2018-08-15,-0.009082338
2170,2018-08-16,0.008013082000000001
2171,2018-08-17,0.003865476
2172,2018-08-20,0.0028346720000000003
2173,2018-08-21,0.003129372
2174,2018-08-22,0.0007318664
2175,2018-08-23,-0.002436264
2176,2018-08-24,0.0062461800000000005
2177,2018-08-27,0.007153801
2178,2018-08-28,5.220336e-06
2179,2018-08-29,0.005181148
2180,2018-08-30,-0.004432522
2181,2018-08-31,0.000298207
2182,2018-09-04,-0.002249909
2183,2018-09-05,-0.003503959
2184,2018-09-06,-0.003968712
2185,2018-09-07,-0.002367245
2186,2018-09-10,0.002275969
2187,2018-09-11,0.0032330690000000003
2188,2018-09-12,0.0008306379
2189,2018-09-13,0.004322424
2190,2018-09-14,0.0009027572000000001
2191,2018-09-17,-0.005977958
2192,2018-09-18,0.005494983
2193,2018-09-19,0.0005262929
2194,2018-09-20,0.007850719
2195,2018-09-21,-0.0010413780000000001
2196,2018-09-24,-0.0037010510000000003
2197,2018-09-25,-0.0005075717
2198,2018-09-26,-0.0040243100000000006
2199,2018-09-27,0.002401435
2200,2018-09-28,8.945264e-05
2201,2018-10-01,0.0017889660000000001
2202,2018-10-02,-0.002261817
2203,2018-10-03,0.001624617
2204,2018-10-04,-0.009310567
2205,2018-10-05,-0.006056919
2206,2018-10-08,-0.001346734
2207,2018-10-09,-0.0017880160000000001
2208,2018-10-10,-0.03135459
2209,2018-10-11,-0.01880225
2210,2018-10-12,0.0122774
2211,2018-10-15,-0.0036533950000000003
2212,2018-10-16,0.02146986
2213,2018-10-17,-0.001386677
2214,2018-10-18,-0.014625240000000001
2215,2018-10-19,-0.0018163950000000002
2216,2018-10-22,-0.0039022230000000002
2217,2018-10-23,-0.005979098
2218,2018-10-24,-0.03063064
2219,2018-10-25,0.01744433
2220,2018-10-26,-0.01551292
2221,2018-10-29,-0.006999638000000001
2222,2018-10-30,0.01559536
2223,2018-10-31,0.01045751
2224,2018-11-01,0.01301048
2225,2018-11-02,-0.004781285000000001
2226,2018-11-05,0.004439569
2227,2018-11-06,0.005705235
2228,2018-11-07,0.019255190000000002
2229,2018-11-08,-0.0029392520000000003
2230,2018-11-09,-0.009722350000000001
2231,2018-11-12,-0.0188805
2232,2018-11-13,-0.001189752
2233,2018-11-14,-0.006560222
2234,2018-11-15,0.01078787
2235,2018-11-16,0.002080382
2236,2018-11-19,-0.01657492
2237,2018-11-20,-0.01794837
2238,2018-11-21,0.006220879
2239,2018-11-23,-0.005560463000000001
2240,2018-11-26,0.01459784
2241,2018-11-27,0.0005130213
2242,2018-11-28,0.02230493
2243,2018-11-29,-0.0017598770000000002
2244,2018-11-30,0.006816910000000001
2245,2018-12-03,0.01144311
2246,2018-12-04,-0.03176178
2247,2018-12-06,-0.001887641
2248,2018-12-07,-0.02106282
2249,2018-12-10,-0.0002570712
2250,2018-12-11,-0.0007172539
2251,2018-12-12,0.006326832
2252,2018-12-13,-0.002156564
2253,2018-12-14,-0.01710104
2254,2018-12-17,-0.0208874
2255,2018-12-18,-0.0001634369
2256,2018-12-19,-0.01483315
2257,2018-12-20,-0.01537563
2258,2018-12-21,-0.02058995
2259,2018-12-24,-0.024166570000000002
2260,2018-12-26,0.04686055
2261,2018-12-27,0.006823584000000001
2262,2018-12-28,0.0001567564
2263,2018-12-31,0.008323131000000001
2264,2019-01-02,0.00179064
2265,2019-01-03,-0.02104321
2266,2019-01-04,0.03341202
2267,2019-01-07,0.009203665
2268,2019-01-08,0.01026726
2269,2019-01-09,0.006200948
2270,2019-01-10,0.004474106
2271,2019-01-11,-0.00015261500000000002
2272,2019-01-14,-0.005464687
2273,2019-01-15,0.009837861
2274,2019-01-16,0.0031767410000000003
2275,2019-01-17,0.007082700000000001
2276,2019-01-18,0.01203278
2277,2019-01-22,-0.01415124
2278,2019-01-23,0.001312507
2279,2019-01-24,0.002789784
2280,2019-01-25,0.009554650000000001
2281,2019-01-28,-0.006491234
2282,2019-01-29,-0.0009181335000000001
2283,2019-01-30,0.01435717
2284,2019-01-31,0.008467088000000001
2285,2019-02-01,0.001421504
2286,2019-02-04,0.006695908
2287,2019-02-05,0.004392101000000001
2288,2019-02-06,-0.002528602
2289,2019-02-07,-0.008814985000000001
2290,2019-02-08,0.0006513122
2291,2019-02-11,0.001261905
2292,2019-02-12,0.01236665
2293,2019-02-13,0.002781768
2294,2019-02-14,-0.001423681
2295,2019-02-15,0.01083534
2296,2019-02-19,0.00234986
2297,2019-02-20,0.002104715
2298,2019-02-21,-0.003535601
2299,2019-02-22,0.006367083000000001
2300,2019-02-25,0.001355531
2301,2019-02-26,-0.001497911
2302,2019-02-27,0.0005008762
2303,2019-02-28,-0.002833107
2304,2019-03-01,0.006077644
2305,2019-03-04,-0.004234132000000001
2306,2019-03-05,-0.001321539
2307,2019-03-06,-0.007770007000000001
2308,2019-03-07,-0.007494616000000001
2309,2019-03-08,-0.0019016030000000002
2310,2019-03-11,0.01434824
2311,2019-03-12,0.0027438600000000003
2312,2019-03-13,0.006420391
2313,2019-03-14,-0.0009882806
2314,2019-03-15,0.004549007
2315,2019-03-18,0.004450893
2316,2019-03-19,-0.000675232
2317,2019-03-20,-0.0031463880000000004
2318,2019-03-21,0.01029381
2319,2019-03-22,-0.02035224
2320,2019-03-25,-0.00032976340000000004
2321,2019-03-26,0.007719276000000001
2322,2019-03-27,-0.004685997
2323,2019-03-28,0.004111324
2324,2019-03-29,0.006018498000000001
2325,2019-04-01,0.011240720000000001
2326,2019-04-02,-0.0001464887
2327,2019-04-03,0.0025480940000000003
2328,2019-04-04,0.0019366790000000002
2329,2019-04-05,0.005114888000000001
2330,2019-04-08,0.001040956
2331,2019-04-09,-0.006283243
2332,2019-04-10,0.004780974
2333,2019-04-11,-0.0001241806
2334,2019-04-12,0.00642776
2335,2019-04-15,-0.00101942
2336,2019-04-16,0.0007146833
2337,2019-04-17,-0.003056898
2338,2019-04-18,0.001077651
2339,2019-04-22,0.0005503691
2340,2019-04-23,0.008919278000000001
2341,2019-04-24,-0.002067637
2342,2019-04-25,-0.0014644200000000001
2343,2019-04-26,0.005367584000000001
2344,2019-04-29,0.001456316
2345,2019-04-30,0.00035824260000000003
2346,2019-05-01,-0.007555294000000001
2347,2019-05-02,-0.001671809
2348,2019-05-03,0.01090542
2349,2019-05-06,-0.0038182830000000004
2350,2019-05-07,-0.01613788
2351,2019-05-08,-0.001606556
2352,2019-05-09,-0.002761701
2353,2019-05-10,0.004060488
2354,2019-05-13,-0.02448983
2355,2019-05-14,0.008971793
2356,2019-05-15,0.00573459
2357,2019-05-16,0.008465512
2358,2019-05-17,-0.006776763000000001
2359,2019-05-20,-0.006481533
2360,2019-05-21,0.008936134
2361,2019-05-22,-0.0037910950000000004
2362,2019-05-23,-0.0126852
2363,2019-05-24,0.002768607
2364,2019-05-28,-0.007503654
2365,2019-05-29,-0.006890468
2366,2019-05-30,0.001395283
2367,2019-05-31,-0.01173073
2368,2019-06-03,-0.00213153
2369,2019-06-04,0.02088773
2370,2019-06-05,0.006479534
2371,2019-06-06,0.0051349790000000005
2372,2019-06-07,0.009671154000000001
2373,2019-06-10,0.00478599
2374,2019-06-11,-0.0005874097
2375,2019-06-12,-0.0018953160000000002
2376,2019-06-13,0.004881639
2377,2019-06-14,-0.0027232410000000004
2378,2019-06-17,0.00158295
2379,2019-06-18,0.009988291
2380,2019-06-19,0.003742267
2381,2019-06-20,0.008794142000000001
2382,2019-06-21,-0.002480265
2383,2019-06-24,-0.0028982170000000002
2384,2019-06-25,-0.008983288
2385,2019-06-26,-0.001030476
2386,2019-06-27,0.005851276000000001
2387,2019-06-28,0.0066607260000000005
2388,2019-07-01,0.006665949
2389,2019-07-02,0.002011602
2390,2019-07-03,0.007696329000000001
2391,2019-07-05,-0.001125443
2392,2019-07-08,-0.005364734
2393,2019-07-09,0.001761828
2394,2019-07-10,0.004053924
2395,2019-07-11,0.00123243
2396,2019-07-12,0.004672744
2397,2019-07-15,-0.0001587237
2398,2019-07-16,-0.002951842
2399,2019-07-17,-0.005594391000000001
2400,2019-07-18,0.003364381
2401,2019-07-19,-0.005611558
2402,2019-07-22,0.002286064
2403,2019-07-23,0.0062503770000000005
2404,2019-07-24,0.0060075250000000005
2405,2019-07-25,-0.006384160000000001
2406,2019-07-26,0.007303738000000001
2407,2019-07-29,-0.002676723
2408,2019-07-30,-0.001278623
2409,2019-07-31,-0.009978594
2410,2019-08-01,-0.009218584
2411,2019-08-02,-0.007804753
2412,2019-08-05,-0.02842341
2413,2019-08-06,0.01189995
2414,2019-08-07,0.001289177
2415,2019-08-08,0.01853001
2416,2019-08-09,-0.007191536
2417,2019-08-12,-0.01201854
2418,2019-08-13,0.01331713
2419,2019-08-14,-0.02782619
2420,2019-08-15,0.0017774450000000001
2421,2019-08-16,0.01489115
2422,2019-08-19,0.01067484
2423,2019-08-20,-0.006748906000000001
2424,2019-08-21,0.007927152
2425,2019-08-22,-0.001009692
2426,2019-08-23,-0.02425418
2427,2019-08-26,0.009976491
2428,2019-08-27,-0.0038592350000000004
2429,2019-08-28,0.0063234400000000005
2430,2019-08-29,0.01255117
2431,2019-08-30,0.0006474371
2432,2019-09-03,-0.007199856
2433,2019-09-04,0.01073064
2434,2019-09-05,0.01238414
2435,2019-09-06,0.0002699987
2436,2019-09-09,0.0005968821
2437,2019-09-10,0.0012090780000000001
2438,2019-09-11,0.008121303
2439,2019-09-12,0.0023940090000000003
2440,2019-09-13,-0.0004019323
2441,2019-09-16,-0.001250632
2442,2019-09-17,0.0021691030000000004
2443,2019-09-18,-0.0007240922
2444,2019-09-19,-0.0001445599
2445,2019-09-20,-0.00408233
2446,2019-09-23,-9.406253999999999e-05
2447,2019-09-24,-0.009180942000000001
2448,2019-09-25,0.005651841
2449,2019-09-26,-0.0030721200000000002
2450,2019-09-27,-0.00568901
2451,2019-09-30,0.0044515100000000005
2452,2019-10-01,-0.01253518
2453,2019-10-02,-0.01612299
2454,2019-10-03,0.007635295
2455,2019-10-04,0.012663
2456,2019-10-07,-0.003916376
2457,2019-10-08,-0.01507434
2458,2019-10-09,0.008365244
2459,2019-10-10,0.005608681000000001
2460,2019-10-11,0.011399030000000001
2461,2019-10-14,-0.0016187970000000002
2462,2019-10-15,0.009103005
2463,2019-10-16,-0.0018923540000000002
2464,2019-10-17,0.0036894560000000002
2465,2019-10-18,-0.0037137000000000003
2466,2019-10-21,0.006672044
2467,2019-10-22,-0.0032817870000000004
2468,2019-10-23,0.002375842
2469,2019-10-24,0.002350514
2470,2019-10-25,0.004069077
2471,2019-10-28,0.005234857000000001
2472,2019-10-29,-0.0005740837
2473,2019-10-30,0.002778959
2474,2019-10-31,-0.003480551
2475,2019-11-01,0.01021117
2476,2019-11-04,0.00376223
2477,2019-11-05,-0.0010700360000000001
2478,2019-11-06,-0.0003245518
2479,2019-11-07,0.0028426420000000003
2480,2019-11-08,0.0026412780000000004
2481,2019-11-11,-0.001636588
2482,2019-11-12,0.001140867
2483,2019-11-13,0.000337234
2484,2019-11-14,0.0009862307
2485,2019-11-15,0.007073585
2486,2019-11-18,0.0001489184
2487,2019-11-19,2.7479809999999998e-05
2488,2019-11-20,-0.0029611050000000003
2489,2019-11-21,-0.001707367
2490,2019-11-22,0.002013921
2491,2019-11-25,0.008560665
2492,2019-11-26,0.002219106
2493,2019-11-27,0.004319425
2494,2019-11-29,-0.0040456630000000006
2495,2019-12-02,-0.008545041
2496,2019-12-03,-0.0056428780000000005
2497,2019-12-04,0.006029359000000001
2498,2019-12-05,0.001102441
2499,2019-12-06,0.008432031000000001
2500,2019-12-09,-0.0027000360000000003
2501,2019-12-10,-0.0006948604
2502,2019-12-11,0.002739291
2503,2019-12-12,0.007858763000000001
2504,2019-12-13,2.680593e-05
2505,2019-12-16,0.007073422
2506,2019-12-17,0.0005473772
2507,2019-12-18,0.0002277731
2508,2019-12-19,0.004192625
2509,2019-12-20,0.004535288
2510,2019-12-23,0.0009560377
2511,2019-12-24,0.0003794442
2512,2019-12-26,0.004615772000000001
2513,2019-12-27,-0.0006432674
2514,2019-12-30,-0.005104836000000001
2515,2019-12-31,0.00296318
